{
  "producers": [
    {
        "Text": " DANIEL & HENRY CO THE",
        "Value": " DANIEL & HENRY CO THE"
    },
    {
        "Text": "1011137 ONTARIO INC O/A PREMIER HEALTH ADVISORS",
        "Value": "1011137 ONTARIO INC O/A PREMIER HEALTH ADVISORS"
    },
    {
        "Text": "1491097 ALBERTA LTD",
        "Value": "1491097 ALBERTA LTD"
    },
    {
        "Text": "177896 CANADA INC",
        "Value": "177896 CANADA INC"
    },
    {
        "Text": "1ST GUARD CORPORATION",
        "Value": "1ST GUARD CORPORATION"
    },
    {
        "Text": "1ST SOURCE INSURANCE INC",
        "Value": "1ST SOURCE INSURANCE INC"
    },
    {
        "Text": "2155808 ONTARIO INC",
        "Value": "2155808 ONTARIO INC"
    },
    {
        "Text": "2158124 ONTARIO INC O/A STONERIDGE INSURANCE",
        "Value": "2158124 ONTARIO INC O/A STONERIDGE INSURANCE"
    },
    {
        "Text": "2170018 ONTARIO INC",
        "Value": "2170018 ONTARIO INC"
    },
    {
        "Text": "2323621 ONTARIO INC",
        "Value": "2323621 ONTARIO INC"
    },
    {
        "Text": "2364746 ONTARIO INC",
        "Value": "2364746 ONTARIO INC"
    },
    {
        "Text": "360 BENEFITS LLC",
        "Value": "360 BENEFITS LLC"
    },
    {
        "Text": "360 RISK MANAGEMENT ASSOCIATES LLC",
        "Value": "360 RISK MANAGEMENT ASSOCIATES LLC"
    },
    {
        "Text": "360 RISK MANAGEMENT INC",
        "Value": "360 RISK MANAGEMENT INC"
    },
    {
        "Text": "3P BENEFITS SOLUTIONS LLC",
        "Value": "3P BENEFITS SOLUTIONS LLC"
    },
    {
        "Text": "6260 CORPORATION DBA THE    KELLY AGENCY",
        "Value": "6260 CORPORATION DBA THE    KELLY AGENCY"
    },
    {
        "Text": "7605978 CANADA INC O-A JC BENEFITS CONSULTING",
        "Value": "7605978 CANADA INC O-A JC BENEFITS CONSULTING"
    },
    {
        "Text": "838517 ALBERTA LTD O/A HB CONSULTANTS",
        "Value": "838517 ALBERTA LTD O/A HB CONSULTANTS"
    },
    {
        "Text": "9/11/01 WTC LOSSES",
        "Value": "9/11/01 WTC LOSSES"
    },
    {
        "Text": "9168-4043 QUEBEC INC O/A LEXOR",
        "Value": "9168-4043 QUEBEC INC O/A LEXOR"
    },
    {
        "Text": "921320 ALBERTA LTD",
        "Value": "921320 ALBERTA LTD"
    },
    {
        "Text": "991160 ONTARIO LIMITED",
        "Value": "991160 ONTARIO LIMITED"
    },
    {
        "Text": "A & R ASSOCIATES LTD",
        "Value": "A & R ASSOCIATES LTD"
    },
    {
        "Text": "A A BROWN AGENCY INC",
        "Value": "A A BROWN AGENCY INC"
    },
    {
        "Text": "A A DORITY COMPANY  INC",
        "Value": "A A DORITY COMPANY  INC"
    },
    {
        "Text": "A A HAMMERSMITH INSURANCE INC",
        "Value": "A A HAMMERSMITH INSURANCE INC"
    },
    {
        "Text": "A A U EXCESS LIA",
        "Value": "A A U EXCESS LIA"
    },
    {
        "Text": "A A U/CARGO AND SPAREPARTS/REINS",
        "Value": "A A U/CARGO AND SPAREPARTS/REINS"
    },
    {
        "Text": "A AND H INSURANCE INC",
        "Value": "A AND H INSURANCE INC"
    },
    {
        "Text": "A B GILE INC",
        "Value": "A B GILE INC"
    },
    {
        "Text": "A BONANO AGENCIES OF COVINGTON INC",
        "Value": "A BONANO AGENCIES OF COVINGTON INC"
    },
    {
        "Text": "A C EDWARDS INC DBA EDWARDS AND COMPANY",
        "Value": "A C EDWARDS INC DBA EDWARDS AND COMPANY"
    },
    {
        "Text": "A C JOHNSON & ASSOCIATES INC O/A ASSOCIUM BENEFITS",
        "Value": "A C JOHNSON & ASSOCIATES INC O/A ASSOCIUM BENEFITS"
    },
    {
        "Text": "A F GOLDENBOGEN CO",
        "Value": "A F GOLDENBOGEN CO"
    },
    {
        "Text": "A I INSURANCE GROUP",
        "Value": "A I INSURANCE GROUP"
    },
    {
        "Text": "A I KING INSURANCE AGENCY INC",
        "Value": "A I KING INSURANCE AGENCY INC"
    },
    {
        "Text": "A J AMER AGENCY INC",
        "Value": "A J AMER AGENCY INC"
    },
    {
        "Text": "A J BENET INC",
        "Value": "A J BENET INC"
    },
    {
        "Text": "A J UNDERWRITERS LLC",
        "Value": "A J UNDERWRITERS LLC"
    },
    {
        "Text": "A KILBRIDE INSURANCE INC",
        "Value": "A KILBRIDE INSURANCE INC"
    },
    {
        "Text": "A LOGAN INSURANCE BROKERAGE INC",
        "Value": "A LOGAN INSURANCE BROKERAGE INC"
    },
    {
        "Text": "A M SKIER AGENCY INC",
        "Value": "A M SKIER AGENCY INC"
    },
    {
        "Text": "A MICHAEL DAVID CRAFORD",
        "Value": "A MICHAEL DAVID CRAFORD"
    },
    {
        "Text": "A P REID INSURANCE LIMITED",
        "Value": "A P REID INSURANCE LIMITED"
    },
    {
        "Text": "A PLUS COVERAGE INC",
        "Value": "A PLUS COVERAGE INC"
    },
    {
        "Text": "A S ARBURY & SONS INC",
        "Value": "A S ARBURY & SONS INC"
    },
    {
        "Text": "A W AYRES AGENCY INC",
        "Value": "A W AYRES AGENCY INC"
    },
    {
        "Text": "A ZEEMAN COMPANY INC",
        "Value": "A ZEEMAN COMPANY INC"
    },
    {
        "Text": "A&H MASTER CODE",
        "Value": "A&H MASTER CODE"
    },
    {
        "Text": "A&H TD WILLIAMSON REFUND",
        "Value": "A&H TD WILLIAMSON REFUND"
    },
    {
        "Text": "A-G ADMINISTRATORS INC",
        "Value": "A-G ADMINISTRATORS INC"
    },
    {
        "Text": "A-WIN INSURANCE LTD",
        "Value": "A-WIN INSURANCE LTD"
    },
    {
        "Text": "A. D. R. U. S. - P. I.",
        "Value": "A. D. R. U. S. - P. I."
    },
    {
        "Text": "A. F. I. A./REINS ASSUMED",
        "Value": "A. F. I. A./REINS ASSUMED"
    },
    {
        "Text": "A. I. P. S. O./N. Y. SPECIAL RISKS",
        "Value": "A. I. P. S. O./N. Y. SPECIAL RISKS"
    },
    {
        "Text": "A. I. P. S. O./PENN SPECIAL RISKS",
        "Value": "A. I. P. S. O./PENN SPECIAL RISKS"
    },
    {
        "Text": "A.B. & J.L. WHITES INSURANCE BROKERS LTD.",
        "Value": "A.B. & J.L. WHITES INSURANCE BROKERS LTD."
    },
    {
        "Text": "AA LAROCCO & ASSOC INC",
        "Value": "AA LAROCCO & ASSOC INC"
    },
    {
        "Text": "AA PLUS BONDING SERVICES LLC",
        "Value": "AA PLUS BONDING SERVICES LLC"
    },
    {
        "Text": "AAA ALLIED INSURANCE SERVICES, INC.",
        "Value": "AAA ALLIED INSURANCE SERVICES, INC."
    },
    {
        "Text": "AAA ARIZONA INC",
        "Value": "AAA ARIZONA INC"
    },
    {
        "Text": "AAA CLUB ALLIANCE INC",
        "Value": "AAA CLUB ALLIANCE INC"
    },
    {
        "Text": "AAA INSURANCE AGENCY",
        "Value": "AAA INSURANCE AGENCY"
    },
    {
        "Text": "AAA MINNEAPOLIS INSURANCE AGENCY",
        "Value": "AAA MINNEAPOLIS INSURANCE AGENCY"
    },
    {
        "Text": "AAA NORTHAMPTON COUNTY",
        "Value": "AAA NORTHAMPTON COUNTY"
    },
    {
        "Text": "AAA NORTHERN NEW ENGLAND INSURANCE",
        "Value": "AAA NORTHERN NEW ENGLAND INSURANCE"
    },
    {
        "Text": "AAA SOUTHERN PENNSYLVANIA TRAVEL & INSURANCE AGENCY INC",
        "Value": "AAA SOUTHERN PENNSYLVANIA TRAVEL & INSURANCE AGENCY INC"
    },
    {
        "Text": "AAA SUN INSURANCE BROKERS CANADA INC",
        "Value": "AAA SUN INSURANCE BROKERS CANADA INC"
    },
    {
        "Text": "AAAR I",
        "Value": "AAAR I"
    },
    {
        "Text": "AAR MISCELLANEOUS",
        "Value": "AAR MISCELLANEOUS"
    },
    {
        "Text": "AARG II/REINS ASSUMED",
        "Value": "AARG II/REINS ASSUMED"
    },
    {
        "Text": "AARG III/REINS ASSUMED",
        "Value": "AARG III/REINS ASSUMED"
    },
    {
        "Text": "AARON L GROBER AGENCY INC",
        "Value": "AARON L GROBER AGENCY INC"
    },
    {
        "Text": "AAXEL INSURANCE BROKERS LTD.",
        "Value": "AAXEL INSURANCE BROKERS LTD."
    },
    {
        "Text": "AAXIA CHEMICAL INSURANCE SERVICES LLC",
        "Value": "AAXIA CHEMICAL INSURANCE SERVICES LLC"
    },
    {
        "Text": "AB RISK SPECIALIST INC",
        "Value": "AB RISK SPECIALIST INC"
    },
    {
        "Text": "ABA INSURANCE SERVICES INC",
        "Value": "ABA INSURANCE SERVICES INC"
    },
    {
        "Text": "ABACUS ADVISORY SERVICES LLC",
        "Value": "ABACUS ADVISORY SERVICES LLC"
    },
    {
        "Text": "ABACUS INSURANCE BROKERS INC",
        "Value": "ABACUS INSURANCE BROKERS INC"
    },
    {
        "Text": "ABBM COMPANY LLC DBA ANDERSON BENSON INSURANCE",
        "Value": "ABBM COMPANY LLC DBA ANDERSON BENSON INSURANCE"
    },
    {
        "Text": "ABBOTT-PAYNE INC",
        "Value": "ABBOTT-PAYNE INC"
    },
    {
        "Text": "ABCO INSURANCE UNDERWRITERS INC",
        "Value": "ABCO INSURANCE UNDERWRITERS INC"
    },
    {
        "Text": "ABD INSURANCE AND FINANCIAL SERVICES INC DBA ADVANCED PROFESSIONALS INSURANCE & BENEFIT SOLUTIONS DBA JLV JOHNDROW LEVERONI VREEBURG INSURANCE SERVICES",
        "Value": "ABD INSURANCE AND FINANCIAL SERVICES INC DBA ADVANCED PROFESSIONALS INSURANCE & BENEFIT SOLUTIONS DBA JLV JOHNDROW LEVERONI VREEBURG INSURANCE SERVICES"
    },
    {
        "Text": "ABERCROMBIE BURNS MCKIERNAN & CO INSURANCE INC",
        "Value": "ABERCROMBIE BURNS MCKIERNAN & CO INSURANCE INC"
    },
    {
        "Text": "ABFS INSURANCE AGENCY INC DBA GRAND GENERAL INSURANCE AGENCY",
        "Value": "ABFS INSURANCE AGENCY INC DBA GRAND GENERAL INSURANCE AGENCY"
    },
    {
        "Text": "ABI BUSINESS INSURANCE SERVICES INC DBA AMERICAN ENTERTAINMENT INSURANCE SERVICES",
        "Value": "ABI BUSINESS INSURANCE SERVICES INC DBA AMERICAN ENTERTAINMENT INSURANCE SERVICES"
    },
    {
        "Text": "ABIS INSURANCE SERVICES INC",
        "Value": "ABIS INSURANCE SERVICES INC"
    },
    {
        "Text": "ABLE BENEFIT SOLUTIONS INC",
        "Value": "ABLE BENEFIT SOLUTIONS INC"
    },
    {
        "Text": "ABLE INSURANCE BROKERS LTD",
        "Value": "ABLE INSURANCE BROKERS LTD"
    },
    {
        "Text": "ABLE INSURANCE SERVICES INC (J & A)",
        "Value": "ABLE INSURANCE SERVICES INC (J & A)"
    },
    {
        "Text": "ABORIGINAL INSURANCE SERVICES INC",
        "Value": "ABORIGINAL INSURANCE SERVICES INC"
    },
    {
        "Text": "ABRAHAM LIPSKY -  LIPSKY INSURANCE AGENCY",
        "Value": "ABRAHAM LIPSKY -  LIPSKY INSURANCE AGENCY"
    },
    {
        "Text": "ABRAM INTERSTATE INSURANCE SERVICES INC",
        "Value": "ABRAM INTERSTATE INSURANCE SERVICES INC"
    },
    {
        "Text": "ABTS INSURANCE AGENCY",
        "Value": "ABTS INSURANCE AGENCY"
    },
    {
        "Text": "ABU DHABI NATIONAL UNITED ARAB EMIRATES",
        "Value": "ABU DHABI NATIONAL UNITED ARAB EMIRATES"
    },
    {
        "Text": "ABZ INSURANCE",
        "Value": "ABZ INSURANCE"
    },
    {
        "Text": "ACADEMIC HEALTHPLANS INC",
        "Value": "ACADEMIC HEALTHPLANS INC"
    },
    {
        "Text": "ACADEMIC RISK MANAGEMENT INC",
        "Value": "ACADEMIC RISK MANAGEMENT INC"
    },
    {
        "Text": "ACC HALL INTERNATIONAL INC",
        "Value": "ACC HALL INTERNATIONAL INC"
    },
    {
        "Text": "ACC INSURANCE AGENCY LLC",
        "Value": "ACC INSURANCE AGENCY LLC"
    },
    {
        "Text": "ACCENT SOLUTIONS D ASSURANCE",
        "Value": "ACCENT SOLUTIONS D ASSURANCE"
    },
    {
        "Text": "ACCESS E&S INSURANCE SERVICES INC",
        "Value": "ACCESS E&S INSURANCE SERVICES INC"
    },
    {
        "Text": "ACCESS INSURANCE GROUP LTD",
        "Value": "ACCESS INSURANCE GROUP LTD"
    },
    {
        "Text": "ACCESSIBLE CREDIT LLC DBA ACCESSIBLE MARINE INSURANCE",
        "Value": "ACCESSIBLE CREDIT LLC DBA ACCESSIBLE MARINE INSURANCE"
    },
    {
        "Text": "ACCOMPASS",
        "Value": "ACCOMPASS"
    },
    {
        "Text": "ACCOUNTING DEPARTMENT PORTFOLIO ENTRIES",
        "Value": "ACCOUNTING DEPARTMENT PORTFOLIO ENTRIES"
    },
    {
        "Text": "ACCRETIVE INSURANCE AGENCY INC",
        "Value": "ACCRETIVE INSURANCE AGENCY INC"
    },
    {
        "Text": "ACCURATE DESIGN BENEFITS & INSURANCE AGENCIES INC.",
        "Value": "ACCURATE DESIGN BENEFITS & INSURANCE AGENCIES INC."
    },
    {
        "Text": "ACE AMERICAN FIRE & MARINE INSURANCE COMPANY",
        "Value": "ACE AMERICAN FIRE & MARINE INSURANCE COMPANY"
    },
    {
        "Text": "ACE AMERICAN INSURANCE CO",
        "Value": "ACE AMERICAN INSURANCE CO"
    },
    {
        "Text": "ACE AMERICAN INSURANCE CO BAHRAIN BRANCH",
        "Value": "ACE AMERICAN INSURANCE CO BAHRAIN BRANCH"
    },
    {
        "Text": "ACE AMERICAN INSURANCE CO OF KOREA - SOUTH KOREA",
        "Value": "ACE AMERICAN INSURANCE CO OF KOREA - SOUTH KOREA"
    },
    {
        "Text": "ACE AMERICAN INSURANCE CO VIETNAM",
        "Value": "ACE AMERICAN INSURANCE CO VIETNAM"
    },
    {
        "Text": "ACE ARAB LEBANESE INS GROUP    C/O ACE INSURANCE COMPANY",
        "Value": "ACE ARAB LEBANESE INS GROUP    C/O ACE INSURANCE COMPANY"
    },
    {
        "Text": "ACE ARABIA INSURANCE CO C/O CHUBB INSURANCE COMPANY",
        "Value": "ACE ARABIA INSURANCE CO C/O CHUBB INSURANCE COMPANY"
    },
    {
        "Text": "ACE BERMUDA LIMITED",
        "Value": "ACE BERMUDA LIMITED"
    },
    {
        "Text": "ACE CANADA",
        "Value": "ACE CANADA"
    },
    {
        "Text": "ACE CASUALTY RISK    CEDED REINSURANCE",
        "Value": "ACE CASUALTY RISK    CEDED REINSURANCE"
    },
    {
        "Text": "ACE CIIC    C/O ACE INSURANCE COMPANY",
        "Value": "ACE CIIC    C/O ACE INSURANCE COMPANY"
    },
    {
        "Text": "ACE CIIC COMPANY (EGYPT) C/O ACE INSURANCE COMPANY",
        "Value": "ACE CIIC COMPANY (EGYPT) C/O ACE INSURANCE COMPANY"
    },
    {
        "Text": "ACE ENVIRONMENTAL UK",
        "Value": "ACE ENVIRONMENTAL UK"
    },
    {
        "Text": "ACE EUROPEAN GROUP LIMITED",
        "Value": "ACE EUROPEAN GROUP LIMITED"
    },
    {
        "Text": "ACE EUROPEAN GROUP LIMITED    SPAIN",
        "Value": "ACE EUROPEAN GROUP LIMITED    SPAIN"
    },
    {
        "Text": "ACE EUROPEAN GROUP LTD (TURKEY)",
        "Value": "ACE EUROPEAN GROUP LTD (TURKEY)"
    },
    {
        "Text": "ACE EUROPEAN GROUP LTD AUSTRIA",
        "Value": "ACE EUROPEAN GROUP LTD AUSTRIA"
    },
    {
        "Text": "ACE EUROPEAN GROUP LTD BELGIUM",
        "Value": "ACE EUROPEAN GROUP LTD BELGIUM"
    },
    {
        "Text": "ACE EUROPEAN GROUP LTD CZECH REPUBLIC",
        "Value": "ACE EUROPEAN GROUP LTD CZECH REPUBLIC"
    },
    {
        "Text": "ACE EUROPEAN GROUP LTD FINLAND",
        "Value": "ACE EUROPEAN GROUP LTD FINLAND"
    },
    {
        "Text": "ACE EUROPEAN GROUP LTD FRANCE",
        "Value": "ACE EUROPEAN GROUP LTD FRANCE"
    },
    {
        "Text": "ACE EUROPEAN GROUP LTD GERMANY",
        "Value": "ACE EUROPEAN GROUP LTD GERMANY"
    },
    {
        "Text": "ACE EUROPEAN GROUP LTD HUNGARY",
        "Value": "ACE EUROPEAN GROUP LTD HUNGARY"
    }
  ]
}
