[
  {
    "Text": "April",
    "Value": "4"
  },
  {
    "Text": "August",
    "Value": "8"
  },
  {
    "Text": "December",
    "Value": "12"
  },
  {
    "Text": "February",
    "Value": "2"
  },
  {
    "Text": "January",
    "Value": "1"
  },
  {
    "Text": "July",
    "Value": "7"
  },
  {
    "Text": "June",
    "Value": "6"
  },
  {
    "Text": "March",
    "Value": "3"
  },
  {
    "Text": "May",
    "Value": "5"
  },
  {
    "Text": "November",
    "Value": "11"
  },
  {
    "Text": "October",
    "Value": "10"
  },
  {
    "Text": "September",
    "Value": "9"
  }
]