[
  {
      "Text": " Alexa, Thompson --- ALTHOM1",
      "Value": "ALTHOM1"
  },
  {
      "Text": " Alexander, Casale --- B00900G",
      "Value": "B00900G"
  },
  {
      "Text": " Amy , Miller --- abdenn",
      "Value": "abdenn"
  },
  {
      "Text": " Ana, Aniceto --- B007335",
      "Value": "B007335"
  },
  {
      "Text": " Antonia, Lam --- U040713",
      "Value": "U040713"
  },
  {
      "Text": " Arlene, Le Grand --- U735201",
      "Value": "U735201"
  },
  {
      "Text": " Britney , McCrae --- B9MCC2",
      "Value": "B9MCC2"
  },
  {
      "Text": " Brittany , Silverthorn, --- b365397",
      "Value": "b365397"
  },
  {
      "Text": " Christopher, Colley --- C4COL2",
      "Value": "C4COL2"
  },
  {
      "Text": " Dana, Rose, --- b043036",
      "Value": "b043036"
  },
  {
      "Text": " David, Skrtich --- B145256",
      "Value": "B145256"
  },
  {
      "Text": " Diana, Mace --- dxmace",
      "Value": "dxmace"
  },
  {
      "Text": " Esther    , Kim --- E4KIMX",
      "Value": "E4KIMX"
  },
  {
      "Text": " Hannah, Dunham --- HADUNH",
      "Value": "HADUNH"
  },
  {
      "Text": " Jeffrey , Hoffman --- U410405",
      "Value": "U410405"
  },
  {
      "Text": " Joelle, Johnson --- J9JOH6",
      "Value": "J9JOH6"
  },
  {
      "Text": " Jonathan, Williams --- J4WIL2",
      "Value": "J4WIL2"
  },
  {
      "Text": " Kevin D, Desmond, --- U100157",
      "Value": "U100157"
  },
  {
      "Text": " Kun, Zhang --- KXZHAN",
      "Value": "KXZHAN"
  },
  {
      "Text": " Lauletta, Holly --- B772398",
      "Value": "B772398"
  },
  {
      "Text": " Laurie , Haldezos --- L4HALD",
      "Value": "L4HALD"
  },
  {
      "Text": " Lee, Ho --- L4HOXX",
      "Value": "L4HOXX"
  },
  {
      "Text": " Linda J, Suarez --- u392601",
      "Value": "u392601"
  },
  {
      "Text": " Lisa , Zurbuch --- L4ZURB",
      "Value": "L4ZURB"
  },
  {
      "Text": " Maria, Thackston --- B019131",
      "Value": "B019131"
  },
  {
      "Text": " Maxwell, Romm --- maromm",
      "Value": "maromm"
  },
  {
      "Text": " Miller, Joshua --- B772445",
      "Value": "B772445"
  },
  {
      "Text": " Natalie , Deutsch --- N4DEUT",
      "Value": "N4DEUT"
  },
  {
      "Text": " Neelam D, Patel --- U130037",
      "Value": "U130037"
  },
  {
      "Text": " Patricia L, Burke --- plburk",
      "Value": "plburk"
  },
  {
      "Text": " Roberto A , Robles, --- rrobles",
      "Value": "rrobles"
  },
  {
      "Text": " Shamik, Jani --- U470130",
      "Value": "U470130"
  },
  {
      "Text": " Shelbi, Vagadori --- shvaga",
      "Value": "shvaga"
  },
  {
      "Text": " Tamera L, Holder, --- b773148",
      "Value": "b773148"
  },
  {
      "Text": ",  --- ",
      "Value": ""
  },
  {
      "Text": "A J, Garbalosa --- b490713",
      "Value": "b490713"
  },
  {
      "Text": "A. Denise, Covington --- ADCOVI",
      "Value": "ADCOVI"
  },
  {
      "Text": "Aadesh, Bagmar --- AABAGM",
      "Value": "AABAGM"
  },
  {
      "Text": "AAMIR, BHAIJIWALA --- B145267",
      "Value": "B145267"
  },
  {
      "Text": "Aarika, Smith --- A4SMI1",
      "Value": "A4SMI1"
  },
  {
      "Text": "Aaron , Kalisher --- u535201",
      "Value": "u535201"
  },
  {
      "Text": "Aaron , Lopiccolo --- ajlopi",
      "Value": "ajlopi"
  },
  {
      "Text": "Aaron , Tucker --- ANTUCK",
      "Value": "ANTUCK"
  },
  {
      "Text": "Aaron , Weinstock --- axwein",
      "Value": "axwein"
  },
  {
      "Text": "Aaron, Bartlett --- ACBART",
      "Value": "ACBART"
  },
  {
      "Text": "Aaron, Boroughs --- A4Boro",
      "Value": "A4Boro"
  },
  {
      "Text": "Aaron, Chan --- AACHAN1",
      "Value": "AACHAN1"
  },
  {
      "Text": "Aaron, Harmon --- AMHarm",
      "Value": "AMHarm"
  },
  {
      "Text": "Aaron, Klinefelter --- Acklin",
      "Value": "Acklin"
  },
  {
      "Text": "Aaron, Miller --- A9MiL1",
      "Value": "A9MiL1"
  },
  {
      "Text": "Aaron, Miller --- aamill1",
      "Value": "aamill1"
  },
  {
      "Text": "Aaron, Reynolds --- a4reyl",
      "Value": "a4reyl"
  },
  {
      "Text": "Aaron, Sewall --- AASEWA",
      "Value": "AASEWA"
  },
  {
      "Text": "Aaron, Shead --- AXSHEA",
      "Value": "AXSHEA"
  },
  {
      "Text": "Aaron, Sheth --- AASHET",
      "Value": "AASHET"
  },
  {
      "Text": "Aaron, Tomlinson --- B772M33",
      "Value": "B772M33"
  },
  {
      "Text": "Aaron, Turner --- A4TURN",
      "Value": "A4TURN"
  },
  {
      "Text": "Aaron, Veerasingham --- B009645",
      "Value": "B009645"
  },
  {
      "Text": "Aaron, Wall --- B020M18",
      "Value": "B020M18"
  },
  {
      "Text": "Aaronyce, Marcus --- A9MARC",
      "Value": "A9MARC"
  },
  {
      "Text": "Aba, Ghandor --- A4GHAN",
      "Value": "A4GHAN"
  },
  {
      "Text": "Abagail, Taranow --- a4tara",
      "Value": "a4tara"
  },
  {
      "Text": "Abbie, Gangewere --- A4GANG",
      "Value": "A4GANG"
  },
  {
      "Text": "Abbie, Saylor --- A4SAYL ",
      "Value": "A4SAYL "
  },
  {
      "Text": "ABBIE, STERN --- B014186",
      "Value": "B014186"
  },
  {
      "Text": "Abby, Becker --- A4BECK",
      "Value": "A4BECK"
  },
  {
      "Text": "Abdul, Aleem Zaheer Ikbal --- a9ikba",
      "Value": "a9ikba"
  },
  {
      "Text": "Abdul, Khan --- ABGOUS",
      "Value": "ABGOUS"
  },
  {
      "Text": "Abdul, Muzebur Rahuman --- ABMUZE",
      "Value": "ABMUZE"
  },
  {
      "Text": "Abdullah, Sayeem --- B00109H",
      "Value": "B00109H"
  },
  {
      "Text": "Abhay, Kumar --- abkuma",
      "Value": "abkuma"
  },
  {
      "Text": "Abhijeet, Kumar --- ABKUMA1",
      "Value": "ABKUMA1"
  },
  {
      "Text": "Abhijeet, Nair --- abnair",
      "Value": "abnair"
  },
  {
      "Text": "Abhishek, Arora --- A9AROR",
      "Value": "A9AROR"
  },
  {
      "Text": "ABIGAIL, FLINTER --- B00107V",
      "Value": "B00107V"
  },
  {
      "Text": "Abigail, Kelly --- a4flin1",
      "Value": "a4flin1"
  },
  {
      "Text": "Abigail, Merola --- b068190",
      "Value": "b068190"
  },
  {
      "Text": "Adam , Dickey --- U243925",
      "Value": "U243925"
  },
  {
      "Text": "Adam , Gigax --- ARGIGA",
      "Value": "ARGIGA"
  },
  {
      "Text": "Adam , Schaefer --- ADSCHA",
      "Value": "ADSCHA"
  },
  {
      "Text": "ADAM, ALVARADO --- B037156",
      "Value": "B037156"
  },
  {
      "Text": "Adam, Blacker --- ayblac",
      "Value": "ayblac"
  },
  {
      "Text": "Adam, Brown --- AJBROW",
      "Value": "AJBROW"
  },
  {
      "Text": "Adam, Cohen --- adcohe",
      "Value": "adcohe"
  },
  {
      "Text": "Adam, Cohen --- axcoh2",
      "Value": "axcoh2"
  },
  {
      "Text": "Adam, Erbse --- ALERBS",
      "Value": "ALERBS"
  },
  {
      "Text": "Adam, Farrell --- ADFARR",
      "Value": "ADFARR"
  },
  {
      "Text": "ADAM, FORD --- B002952",
      "Value": "B002952"
  },
  {
      "Text": "ADAM, GRENVILLE --- B009581",
      "Value": "B009581"
  },
  {
      "Text": "Adam, Irish --- A4IRIS",
      "Value": "A4IRIS"
  },
  {
      "Text": "Adam, Jones --- ACJONE",
      "Value": "ACJONE"
  },
  {
      "Text": "Adam, Kerman --- b03642s",
      "Value": "b03642s"
  },
  {
      "Text": "Adam, Kopcio --- aekopc ",
      "Value": "aekopc "
  },
  {
      "Text": "Adam, McCrary --- AJMCCR",
      "Value": "AJMCCR"
  },
  {
      "Text": "Adam, Miller --- A4MILL",
      "Value": "A4MILL"
  },
  {
      "Text": "Adam, Mohammed --- B001M04",
      "Value": "B001M04"
  },
  {
      "Text": "Adam, Perry --- ACPERR",
      "Value": "ACPERR"
  },
  {
      "Text": "Adam, Rehmer --- A9REHM",
      "Value": "A9REHM"
  },
  {
      "Text": "Adam, Saidian --- b001n12",
      "Value": "b001n12"
  },
  {
      "Text": "Adele, Cifelli --- B007M34",
      "Value": "B007M34"
  },
  {
      "Text": "Adham, Riad --- B009M89",
      "Value": "B009M89"
  },
  {
      "Text": "ADINA, FLADGER --- B068443",
      "Value": "B068443"
  },
  {
      "Text": "Aditya, Pathak --- ADPATH",
      "Value": "ADPATH"
  },
  {
      "Text": "Adria, Corbett --- b001286",
      "Value": "b001286"
  },
  {
      "Text": "Adrian , Barajas --- AABARA",
      "Value": "AABARA"
  },
  {
      "Text": "Adrian , Villa --- AEVILL",
      "Value": "AEVILL"
  },
  {
      "Text": "Adrian, Gill --- ADGILL",
      "Value": "ADGILL"
  },
  {
      "Text": "Adrian, Matthews --- apmath",
      "Value": "apmath"
  },
  {
      "Text": "Adrian, Shahbazian --- b076336",
      "Value": "b076336"
  },
  {
      "Text": "Adrian, Steen --- AXSTEE",
      "Value": "AXSTEE"
  },
  {
      "Text": "Adriana, Ortuso --- b365409",
      "Value": "b365409"
  },
  {
      "Text": "Adrien, Faucher --- axfauc",
      "Value": "axfauc"
  },
  {
      "Text": "Adrienne, Coffey --- B002911",
      "Value": "B002911"
  },
  {
      "Text": "Adrienne, Logan --- AMLOGA",
      "Value": "AMLOGA"
  },
  {
      "Text": "Aekullu, Shathish --- s9aeku",
      "Value": "s9aeku"
  },
  {
      "Text": "AGNIESZKA, SZAL --- B499161",
      "Value": "B499161"
  },
  {
      "Text": "AHBINIKA, OTIS --- B002494",
      "Value": "B002494"
  },
  {
      "Text": "AIDA, CURIC --- B77241",
      "Value": "B77241"
  },
  {
      "Text": "AIDA, CURIC --- B772416",
      "Value": "B772416"
  },
  {
      "Text": "Aida, Maldonado --- A4MALD",
      "Value": "A4MALD"
  },
  {
      "Text": "Aileen, Giordano --- AIGIOR",
      "Value": "AIGIOR"
  },
  {
      "Text": "Aileen, Rulloda --- axrull",
      "Value": "axrull"
  },
  {
      "Text": "Aimee, Panagoplos --- ABPANA",
      "Value": "ABPANA"
  },
  {
      "Text": "Aishwarya, Gunarajan --- aiguna",
      "Value": "aiguna"
  },
  {
      "Text": "Aisling, Ryan --- AXRYAN",
      "Value": "AXRYAN"
  },
  {
      "Text": "AJ, Buono --- B00111I",
      "Value": "B00111I"
  },
  {
    "Text": "MEGHAN, ORTIZ --- M4MUL2",
    "Value": "M4MUL2"
  },
  {
    "Text": "Madison --- m4eckl",
    "Value": "m4eckl"
  }
]
