{
  "pascodes": [
    {
        "Text": "279534",
        "Value": "279534"
    },
    {
        "Text": "36632C",
        "Value": "36632C"
    },
    {
        "Text": "Z06926",
        "Value": "Z06926"
    },
    {
        "Text": "I00726",
        "Value": "I00726"
    },
    {
        "Text": "278865",
        "Value": "278865"
    },
    {
        "Text": "35316C",
        "Value": "35316C"
    },
    {
        "Text": "38361C",
        "Value": "38361C"
    },
    {
        "Text": "271102",
        "Value": "271102"
    },
    {
        "Text": "467019",
        "Value": "467019"
    },
    {
        "Text": "321356",
        "Value": "321356"
    },
    {
        "Text": "MF6000",
        "Value": "MF6000"
    },
    {
        "Text": "334552",
        "Value": "334552"
    },
    {
        "Text": "271477",
        "Value": "271477"
    },
    {
        "Text": "35484C",
        "Value": "35484C"
    },
    {
        "Text": "35520C",
        "Value": "35520C"
    },
    {
        "Text": "35537C",
        "Value": "35537C"
    },
    {
        "Text": "35594C",
        "Value": "35594C"
    },
    {
        "Text": "38031C",
        "Value": "38031C"
    },
    {
        "Text": "26074C",
        "Value": "26074C"
    },
    {
        "Text": "27692C",
        "Value": "27692C"
    },
    {
        "Text": "28848C",
        "Value": "28848C"
    },
    {
        "Text": "28991C",
        "Value": "28991C"
    },
    {
        "Text": "29104C",
        "Value": "29104C"
    },
    {
        "Text": "I03243",
        "Value": "I03243"
    },
    {
        "Text": "700721",
        "Value": "700721"
    },
    {
        "Text": "700722",
        "Value": "700722"
    },
    {
        "Text": "700723",
        "Value": "700723"
    },
    {
        "Text": "700724",
        "Value": "700724"
    },
    {
        "Text": "701109",
        "Value": "701109"
    },
    {
        "Text": "I02688",
        "Value": "I02688"
    },
    {
        "Text": "P07470",
        "Value": "P07470"
    },
    {
        "Text": "216507",
        "Value": "216507"
    },
    {
        "Text": "P07013",
        "Value": "P07013"
    },
    {
        "Text": "P07461",
        "Value": "P07461"
    },
    {
        "Text": "P07440",
        "Value": "P07440"
    },
    {
        "Text": "79670W",
        "Value": "79670W"
    },
    {
        "Text": "P00085",
        "Value": "P00085"
    },
    {
        "Text": "P09229",
        "Value": "P09229"
    },
    {
        "Text": "P07719",
        "Value": "P07719"
    },
    {
        "Text": "P07529",
        "Value": "P07529"
    },
    {
        "Text": "P07226",
        "Value": "P07226"
    },
    {
        "Text": "P07368",
        "Value": "P07368"
    },
    {
        "Text": "P09466",
        "Value": "P09466"
    },
    {
        "Text": "P09106",
        "Value": "P09106"
    },
    {
        "Text": "P07095",
        "Value": "P07095"
    },
    {
        "Text": "P09547",
        "Value": "P09547"
    },
    {
        "Text": "P07241",
        "Value": "P07241"
    },
    {
        "Text": "334032",
        "Value": "334032"
    },
    {
        "Text": "249727",
        "Value": "249727"
    },
    {
        "Text": "78085W",
        "Value": "78085W"
    },
    {
        "Text": "P00243",
        "Value": "P00243"
    },
    {
        "Text": "226203",
        "Value": "226203"
    },
    {
        "Text": "D50517",
        "Value": "D50517"
    },
    {
        "Text": "P00210",
        "Value": "P00210"
    },
    {
        "Text": "249276",
        "Value": "249276"
    },
    {
        "Text": "249277",
        "Value": "249277"
    },
    {
        "Text": "249079",
        "Value": "249079"
    },
    {
        "Text": "249666",
        "Value": "249666"
    },
    {
        "Text": "249534",
        "Value": "249534"
    }
  ]
}
