[
  {
    "Text": "A&H - Commercial",
    "Value": "A&H - Commercial"
  },
  {
    "Text": "A&H - Major",
    "Value": "A&H - Major"
  },
  {
    "Text": "Aerospace",
    "Value": "Aerospace"
  },
  {
    "Text": "AGM",
    "Value": "AGM",
    "Company": "AOG"
  },
  {
    "Text": "Agriculture",
    "Value": "Agriculture"
  },
  {
    "Text": "Asia Pacific",
    "Value": "Asia Pacific",
    "Company": "AOG"
  },
  {
    "Text": "Bermuda",
    "Value": "Bermuda"
  },
  {
    "Text": "Binding",
    "Value": "Binding"
  },
  {
    "Text": "Canada A&H",
    "Value": "Canada A&H"
  },
  {
    "Text": "Canada P&C - Commercial",
    "Value": "Canada P&C - Commercial"
  },
  {
    "Text": "Canada P&C - Major",
    "Value": "Canada P&C - Major"
  },
  {
    "Text": "Chubb Commercial Insurance Division",
    "Value": "Chubb Commercial Insurance Division"
  },
  {
    "Text": "Chubb Major Accounts Division",
    "Value": "Chubb Major Accounts Division"
  },
  {
    "Text": "Chubb Small Commercial",
    "Value": "Chubb Small Commercial"
  },
  {
    "Text": "Chubb Wholesale/Excess Surplus Lines",
    "Value": "Chubb Wholesale/Excess Surplus Lines"
  },
  {
    "Text": "Construction",
    "Value": "Construction"
  },
  {
    "Text": "Environmental - Commercial",
    "Value": "Environmental - Commercial"
  },
  {
    "Text": "Environmental - Major",
    "Value": "Environmental - Major"
  },
  {
    "Text": "ESIS",
    "Value": "ESIS"
  },
  {
    "Text": "Europe",
    "Value": "Europe",
    "Company": "AOG"
  },
  {
    "Text": "Excess-Casualty - Commercial",
    "Value": "Excess-Casualty - Commercial"
  },
  {
    "Text": "Excess-Casualty - Major",
    "Value": "Excess-Casualty - Major"
  },
  {
    "Text": "Far East",
    "Value": "Far East",
    "Company": "AOG"
  },
  {
    "Text": "Foreign Casualty Group",
    "Value": "Foreign Casualty Group"
  },
  {
    "Text": "Latin America",
    "Value": "Latin America",
    "Company": "AOG"
  },
  {
    "Text": "Major Casualty",
    "Value": "Major Casualty"
  },
  {
    "Text": "Medical Liability - Commercial",
    "Value": "Medical Liability - Commercial"
  },
  {
    "Text": "Medical Liability - Major",
    "Value": "Medical Liability - Major"
  },
  {
    "Text": "Medical Liability - Small Retail",
    "Value": "Medical Liability - Small Retail"
  },
  {
    "Text": "Multinational Casualty - Commercial",
    "Value": "Multinational Casualty - Commercial"
  },
  {
    "Text": "P&C",
    "Value": "P&C"
  },
  {
    "Text": "Political Risk and Credit",
    "Value": "Political Risk and Credit",
    "Company": "AOG"
  },
  {
    "Text": "Private Risk Services",
    "Value": "Private Risk Services"
  },
  {
    "Text": "Product Recall",
    "Value": "Product Recall"
  },
  {
    "Text": "Professional-Risk - Commercial",
    "Value": "Professional-Risk - Commercial"
  },
  {
    "Text": "Professional-Risk - Major",
    "Value": "Professional-Risk - Major"
  },
  {
    "Text": "Professional-Risk - Small Retail",
    "Value": "Professional-Risk - Small Retail"
  },
  {
    "Text": "Programs",
    "Value": "Programs"
  },
  {
    "Text": "Property & Specialty - Commercial",
    "Value": "Property & Specialty - Commercial"
  },
  {
    "Text": "Property & Specialty - Major",
    "Value": "Property & Specialty - Major"
  },
  {
    "Text": "Property & Specialty - Small Retail",
    "Value": "Property & Specialty - Small Retail"
  },
  {
    "Text": "Real estate & Primary Cas.",
    "Value": "Real estate & Primary Cas."
  },
  {
    "Text": "Risk Mgmt Group",
    "Value": "Risk Mgmt Group"
  },
  {
    "Text": "Specialty Casualty & Construction",
    "Value": "Specialty Casualty & Construction"
  },
  {
    "Text": "Specialty Lines",
    "Value": "Specialty Lines"
  },
  {
    "Text": "Specialty Other",
    "Value": "Specialty Other"
  },
  {
    "Text": "Surety - Major",
    "Value": "Surety - Major"
  },
  {
    "Text": "Westchester Specialty Casualty",
    "Value": "Westchester Specialty Casualty"
  },
  {
    "Text": "Wholesale Inland Marine",
    "Value": "Wholesale Inland Marine"
  },
  {
    "Text": "Wholesale Property",
    "Value": "Wholesale Property"
  },
  {
    "Text": "Wholesale-Environmental",
    "Value": "Wholesale-Environmental"
  },
  {
    "Text": "Wholesale-Professional",
    "Value": "Wholesale-Professional"
  }
]