[
  {
      "Text": "A&H",
      "Value": "A&H"
  },
  {
      "Text": "Advantage",
      "Value": "Advantage"
  },
  {
      "Text": "Aerospace",
      "Value": "Aerospace"
  },
  {
      "Text": "Affinity Markets",
      "Value": "Affinity Markets"
  },
  {
      "Text": "AGM",
      "Value": "AGM"
  },
  {
      "Text": "Argentina",
      "Value": "Argentina"
  },
  {
      "Text": "Australia & New Zealand",
      "Value": "Australia & New Zealand"
  },
  {
      "Text": "Bermuda",
      "Value": "Bermuda"
  },
  {
      "Text": "Brazil",
      "Value": "Brazil"
  },
  {
      "Text": "Canada A&H",
      "Value": "Canada A&H"
  },
  {
      "Text": "Canada ARM",
      "Value": "Canada ARM"
  },
  {
      "Text": "Canada Casualty",
      "Value": "Canada Casualty"
  },
  {
      "Text": "Canada Prof Risk",
      "Value": "Canada Prof Risk"
  },
  {
      "Text": "Canada Programs",
      "Value": "Canada Programs"
  },
  {
      "Text": "Canada Property & Marine",
      "Value": "Canada Property & Marine"
  },
  {
      "Text": "Caribbean Inactive",
      "Value": "Caribbean Inactive"
  },
  {
      "Text": "CARS",
      "Value": "CARS"
  },
  {
      "Text": "Casualty Cashflow",
      "Value": "Casualty Cashflow"
  },
  {
      "Text": "Central Eastern",
      "Value": "Central Eastern"
  },
  {
      "Text": "Chile",
      "Value": "Chile"
  },
  {
      "Text": "Chubb Commercial Insurance Division",
      "Value": "Chubb Commercial Insurance Division"
  },
  {
      "Text": "Chubb Excess",
      "Value": "Chubb Excess"
  },
  {
      "Text": "Chubb Major Accounts Division",
      "Value": "Chubb Major Accounts Division"
  },
  {
      "Text": "Chubb Major Cas. Runoff",
      "Value": "Chubb Major Cas. Runoff"
  },
  {
      "Text": "Chubb Small Commercial",
      "Value": "Chubb Small Commercial"
  },
  {
      "Text": "Chubb Wholesale - WC",
      "Value": "Chubb Wholesale - WC"
  },
  {
      "Text": "Chubb Wholesale Non-Program",
      "Value": "Chubb Wholesale Non-Program"
  },
  {
      "Text": "Chubb Wholesale-Management",
      "Value": "Chubb Wholesale-Management"
  },
  {
      "Text": "Chubb Wholesale-Professional",
      "Value": "Chubb Wholesale-Professional"
  },
  {
      "Text": "CMP",
      "Value": "CMP"
  },
  {
      "Text": "Colombia",
      "Value": "Colombia"
  },
  {
      "Text": "Comm Risk Inland",
      "Value": "Comm Risk Inland"
  },
  {
      "Text": "Comm Risk Umbrella",
      "Value": "Comm Risk Umbrella"
  },
  {
      "Text": "Commercial Marine",
      "Value": "Commercial Marine"
  },
  {
      "Text": "Commercial Specialty",
      "Value": "Commercial Specialty"
  },
  {
      "Text": "Construction",
      "Value": "Construction"
  },
  {
      "Text": "Continental Europe",
      "Value": "Continental Europe"
  },
  {
      "Text": "DBA",
      "Value": "DBA"
  },
  {
      "Text": "Digital Distribution",
      "Value": "Digital Distribution"
  },
  {
      "Text": "Ecuador",
      "Value": "Ecuador"
  },
  {
      "Text": "Environmental",
      "Value": "Environmental"
  },
  {
      "Text": "ESIS",
      "Value": "ESIS"
  },
  {
      "Text": "Excess-Casualty",
      "Value": "Excess-Casualty"
  },
  {
      "Text": "FE Not Otherwise Classified",
      "Value": "FE Not Otherwise Classified"
  },
  {
      "Text": "Global Energy",
      "Value": "Global Energy"
  },
  {
      "Text": "Greater China & All Other Asia",
      "Value": "Greater China & All Other Asia"
  },
  {
      "Text": "Guatemala",
      "Value": "Guatemala"
  },
  {
      "Text": "High Net Worth",
      "Value": "High Net Worth"
  },
  {
      "Text": "Inland Marine",
      "Value": "Inland Marine"
  },
  {
      "Text": "Japan",
      "Value": "Japan"
  },
  {
      "Text": "LA Not Otherwise Classified",
      "Value": "LA Not Otherwise Classified"
  },
  {
      "Text": "Latin American Facultative Re",
      "Value": "Latin American Facultative Re"
  },
  {
      "Text": "Life Sciences",
      "Value": "Life Sciences"
  },
  {
      "Text": "Liquor Liability",
      "Value": "Liquor Liability"
  },
  {
      "Text": "Management Liability",
      "Value": "Management Liability"
  },
  {
      "Text": "Medical-Risk",
      "Value": "Medical-Risk"
  },
  {
      "Text": "Mexico",
      "Value": "Mexico"
  },
  {
      "Text": "Middle East",
      "Value": "Middle East"
  },
  {
      "Text": "P&C",
      "Value": "P&C"
  },
  {
      "Text": "Panama",
      "Value": "Panama"
  },
  {
      "Text": "Penn Millers",
      "Value": "Penn Millers"
  },
  {
      "Text": "Peru",
      "Value": "Peru"
  },
  {
      "Text": "Political Risk and Credit",
      "Value": "Political Risk and Credit"
  },
  {
      "Text": "Primary Casualty",
      "Value": "Primary Casualty"
  },
  {
      "Text": "Product Recall",
      "Value": "Product Recall"
  },
  {
      "Text": "Professional and Management Liability",
      "Value": "Professional and Management Liability"
  },
  {
      "Text": "Professional Liability",
      "Value": "Professional Liability"
  },
  {
      "Text": "Professional Risk",
      "Value": "Professional Risk"
  },
  {
      "Text": "Program Business",
      "Value": "Program Business"
  },
  {
      "Text": "Programs ex. Starr",
      "Value": "Programs ex. Starr"
  },
  {
      "Text": "Property",
      "Value": "Property"
  },
  {
      "Text": "Public-Entity",
      "Value": "Public-Entity"
  },
  {
      "Text": "Puerto Rico",
      "Value": "Puerto Rico"
  },
  {
      "Text": "Railroad",
      "Value": "Railroad"
  },
  {
      "Text": "Rain & Hail",
      "Value": "Rain & Hail"
  },
  {
      "Text": "Real Estate",
      "Value": "Real Estate"
  },
  {
      "Text": "Retail Business",
      "Value": "Retail Business"
  },
  {
      "Text": "Retail Primary",
      "Value": "Retail Primary"
  },
  {
      "Text": "Retail Umbrella",
      "Value": "Retail Umbrella"
  },
  {
      "Text": "Risk Mgmt",
      "Value": "Risk Mgmt"
  },
  {
      "Text": "Select Binding Facilities",
      "Value": "Select Binding Facilities"
  },
  {
      "Text": "South African",
      "Value": "South African"
  },
  {
      "Text": "Starr Agency",
      "Value": "Starr Agency"
  },
  {
      "Text": "Surety Commercial",
      "Value": "Surety Commercial"
  },
  {
      "Text": "Surety Construction",
      "Value": "Surety Construction"
  },
  {
      "Text": "Surety Run-Off",
      "Value": "Surety Run-Off"
  },
  {
      "Text": "Transportation",
      "Value": "Transportation"
  },
  {
      "Text": "UK & Ireland",
      "Value": "UK & Ireland"
  },
  {
      "Text": "USUS",
      "Value": "USUS"
  },
  {
      "Text": "Venezuela",
      "Value": "Venezuela"
  },
  {
      "Text": "Wholesale Excess",
      "Value": "Wholesale Excess"
  },
  {
      "Text": "Wholesale Inland Marine",
      "Value": "Wholesale Inland Marine"
  },
  {
      "Text": "Wholesale Motor Truck Cargo",
      "Value": "Wholesale Motor Truck Cargo"
  },
  {
      "Text": "Wholesale Primary",
      "Value": "Wholesale Primary"
  },
  {
      "Text": "Wholesale Property",
      "Value": "Wholesale Property"
  },
  {
      "Text": "Wholesale Umbrella",
      "Value": "Wholesale Umbrella"
  },
  {
      "Text": "Wholesale-Environmental",
      "Value": "Wholesale-Environmental"
  },
  {
      "Text": "Wholesale-Life Sciences",
      "Value": "Wholesale-Life Sciences"
  },
  {
      "Text": "Wholesale-Management",
      "Value": "Wholesale-Management"
  },
  {
      "Text": "Wholesale-Medical",
      "Value": "Wholesale-Medical"
  },
  {
      "Text": "Wholesale-Professional",
      "Value": "Wholesale-Professional"
  }
]