[
  {
      "Text": "Venezuela",
      "Value": "Venezuela"
  },
  {
      "Text": "Wholesale - Alliances",
      "Value": "Wholesale - Alliances"
  },
  {
      "Text": "Wholesale - Comm Excess Umbrella",
      "Value": "Wholesale - Comm Excess Umbrella"
  },
  {
      "Text": "Wholesale - Comm Risk Umbrella",
      "Value": "Wholesale - Comm Risk Umbrella"
  },
  {
      "Text": "Wholesale - Cyber",
      "Value": "Wholesale - Cyber"
  },
  {
      "Text": "Wholesale - Express",
      "Value": "Wholesale - Express"
  },
  {
      "Text": "Wholesale - Financial Institutions",
      "Value": "Wholesale - Financial Institutions"
  },
  {
      "Text": "Wholesale - Management Liability",
      "Value": "Wholesale - Management Liability"
  },
  {
      "Text": "Wholesale - Mini-CMP",
      "Value": "Wholesale - Mini-CMP"
  },
  {
      "Text": "Wholesale - Package",
      "Value": "Wholesale - Package"
  },
  {
      "Text": "Wholesale - Private Company/NFP",
      "Value": "Wholesale - Private Company/NFP"
  },
  {
      "Text": "Wholesale - Professional Liability",
      "Value": "Wholesale - Professional Liability"
  },
  {
      "Text": "Wholesale - Renewable Energy",
      "Value": "Wholesale - Renewable Energy"
  },
  {
      "Text": "Wholesale - Specialty Core",
      "Value": "Wholesale - Specialty Core"
  },
  {
      "Text": "Wholesale Inland Marine",
      "Value": "Wholesale Inland Marine"
  },
  {
      "Text": "Wholesale Motor Truck Cargo",
      "Value": "Wholesale Motor Truck Cargo"
  },
  {
      "Text": "Workers Comp",
      "Value": "Workers Comp"
  },
  {
      "Text": "Wrap Up",
      "Value": "Wrap Up"
  },
  {
      "Text": "A&H - Middle Market",
      "Value": "A&H - Middle Market"
  },
  {
      "Text": "A&H Direct Marketing",
      "Value": "A&H Direct Marketing"
  },
  {
      "Text": "Advantage.net",
      "Value": "Advantage.net"
  },
  {
      "Text": "Aerospace",
      "Value": "Aerospace"
  },
  {
      "Text": "Affinion",
      "Value": "Affinion"
  },
  {
      "Text": "Affinity Markets",
      "Value": "Affinity Markets"
  },
  {
      "Text": "Affluent",
      "Value": "Affluent"
  },
  {
      "Text": "AGM",
      "Value": "AGM"
  },
  {
      "Text": "Allied Health",
      "Value": "Allied Health"
  },
  {
      "Text": "Ancillary Benefits",
      "Value": "Ancillary Benefits"
  },
  {
      "Text": "Argentina",
      "Value": "Argentina"
  },
  {
      "Text": "ARM Close-Outs",
      "Value": "ARM Close-Outs"
  },
  {
      "Text": "Asia All Other",
      "Value": "Asia All Other"
  },
  {
      "Text": "Australia",
      "Value": "Australia"
  },
  {
      "Text": "Austria",
      "Value": "Austria"
  },
  {
      "Text": "Auto",
      "Value": "Auto"
  },
  {
      "Text": "Bahrain",
      "Value": "Bahrain"
  },
  {
      "Text": "Belgium",
      "Value": "Belgium"
  },
  {
      "Text": "Belgium Area Home Office",
      "Value": "Belgium Area Home Office"
  },
  {
      "Text": "Binding - Cyber",
      "Value": "Binding - Cyber"
  },
  {
      "Text": "Binding - Management Liability",
      "Value": "Binding - Management Liability"
  },
  {
      "Text": "Binding - Professional Liability",
      "Value": "Binding - Professional Liability"
  },
  {
      "Text": "Brazil",
      "Value": "Brazil"
  },
  {
      "Text": "Buffer",
      "Value": "Buffer"
  },
  {
      "Text": "Canada ARM",
      "Value": "Canada ARM"
  },
  {
      "Text": "Canada Commercial Surety",
      "Value": "Canada Commercial Surety"
  },
  {
      "Text": "Canada Construction Surety",
      "Value": "Canada Construction Surety"
  },
  {
      "Text": "Car Rentals (SLI)",
      "Value": "Car Rentals (SLI)"
  },
  {
      "Text": "Caribbean Inactive",
      "Value": "Caribbean Inactive"
  },
  {
      "Text": "Cash Flow",
      "Value": "Cash Flow"
  },
  {
      "Text": "Casualty Cashflow",
      "Value": "Casualty Cashflow"
  },
  {
      "Text": "CHB Major Cargo",
      "Value": "CHB Major Cargo"
  },
  {
      "Text": "CHB Major CIM",
      "Value": "CHB Major CIM"
  },
  {
      "Text": "Chile",
      "Value": "Chile"
  },
  {
      "Text": "Chubb A&H",
      "Value": "Chubb A&H"
  },
  {
      "Text": "Chubb Auto",
      "Value": "Chubb Auto"
  },
  {
      "Text": "Chubb Auto GL",
      "Value": "Chubb Auto GL"
  },
  {
      "Text": "Chubb Auto PD",
      "Value": "Chubb Auto PD"
  },
  {
      "Text": "Chubb Canada GL",
      "Value": "Chubb Canada GL"
  },
  {
      "Text": "Chubb Canada Package",
      "Value": "Chubb Canada Package"
  },
  {
      "Text": "Chubb Canada Property",
      "Value": "Chubb Canada Property"
  },
  {
      "Text": "Chubb Casualty",
      "Value": "Chubb Casualty"
  },
  {
      "Text": "Chubb Excess",
      "Value": "Chubb Excess"
  },
  {
      "Text": "Chubb Financial Lines",
      "Value": "Chubb Financial Lines"
  },
  {
      "Text": "Chubb GL",
      "Value": "Chubb GL"
  },
  {
      "Text": "Chubb Machinery",
      "Value": "Chubb Machinery"
  },
  {
      "Text": "Chubb Major - Other",
      "Value": "Chubb Major - Other"
  },
  {
      "Text": "Chubb Marine",
      "Value": "Chubb Marine"
  },
  {
      "Text": "Chubb Other",
      "Value": "Chubb Other"
  },
  {
      "Text": "Chubb Package GL",
      "Value": "Chubb Package GL"
  },
  {
      "Text": "Chubb Package Property",
      "Value": "Chubb Package Property"
  },
  {
      "Text": "Chubb Property",
      "Value": "Chubb Property"
  },
  {
      "Text": "Chubb Surety",
      "Value": "Chubb Surety"
  },
  {
      "Text": "Chubb WC",
      "Value": "Chubb WC"
  },
  {
      "Text": "Chubb Wholesale - Auto",
      "Value": "Chubb Wholesale - Auto"
  },
  {
      "Text": "Chubb Wholesale - Primary Casualty",
      "Value": "Chubb Wholesale - Primary Casualty"
  },
  {
      "Text": "Chubb Wholesale - WC",
      "Value": "Chubb Wholesale - WC"
  },
  {
      "Text": "Chubb Wholesale Non-Program",
      "Value": "Chubb Wholesale Non-Program"
  },
  {
      "Text": "Chubb Wholesale Program - AO Prof",
      "Value": "Chubb Wholesale Program - AO Prof"
  },
  {
      "Text": "Chubb Wholesale Program - Auto",
      "Value": "Chubb Wholesale Program - Auto"
  },
  {
      "Text": "Chubb Wholesale Program - D&O",
      "Value": "Chubb Wholesale Program - D&O"
  },
  {
      "Text": "Chubb Wholesale Program - GL",
      "Value": "Chubb Wholesale Program - GL"
  },
  {
      "Text": "Chubb Wholesale Program - Property",
      "Value": "Chubb Wholesale Program - Property"
  },
  {
      "Text": "Chubb Wholesale Program - Umbrella",
      "Value": "Chubb Wholesale Program - Umbrella"
  },
  {
      "Text": "Chubb Wholesale Program - WC",
      "Value": "Chubb Wholesale Program - WC"
  },
  {
      "Text": "Chubb Wholesale Starr - Casualty",
      "Value": "Chubb Wholesale Starr - Casualty"
  },
  {
      "Text": "Chubb Wholesale Starr - Property",
      "Value": "Chubb Wholesale Starr - Property"
  },
  {
      "Text": "Chubb Wholesale Starr - WC",
      "Value": "Chubb Wholesale Starr - WC"
  },
  {
      "Text": "Clash",
      "Value": "Clash"
  },
  {
      "Text": "Classic",
      "Value": "Classic"
  },
  {
      "Text": "CMP",
      "Value": "CMP"
  },
  {
      "Text": "Colombia",
      "Value": "Colombia"
  },
  {
      "Text": "Commercial - Automobile",
      "Value": "Commercial - Automobile"
  },
  {
      "Text": "Commercial - Cargo",
      "Value": "Commercial - Cargo"
  },
  {
      "Text": "Commercial - Casualty",
      "Value": "Commercial - Casualty"
  },
  {
      "Text": "Commercial - Comm Risk Umbrella",
      "Value": "Commercial - Comm Risk Umbrella"
  },
  {
      "Text": "Commercial - Construction",
      "Value": "Commercial - Construction"
  },
  {
      "Text": "Commercial - Corporate Risk",
      "Value": "Commercial - Corporate Risk"
  },
  {
      "Text": "Commercial - CPL",
      "Value": "Commercial - CPL"
  },
  {
      "Text": "Commercial - CRS Environmental",
      "Value": "Commercial - CRS Environmental"
  },
  {
      "Text": "Commercial - Cyber",
      "Value": "Commercial - Cyber"
  },
  {
      "Text": "Commercial - DBA",
      "Value": "Commercial - DBA"
  },
  {
      "Text": "Commercial - ECOPac",
      "Value": "Commercial - ECOPac"
  },
  {
      "Text": "Commercial - Energy",
      "Value": "Commercial - Energy"
  },
  {
      "Text": "Commercial - Environmental",
      "Value": "Commercial - Environmental"
  },
  {
      "Text": "Commercial - Express",
      "Value": "Commercial - Express"
  },
  {
      "Text": "Commercial - Facilities",
      "Value": "Commercial - Facilities"
  },
  {
      "Text": "Commercial - Financial Institutions",
      "Value": "Commercial - Financial Institutions"
  },
  {
      "Text": "Commercial - GL Plus",
      "Value": "Commercial - GL Plus"
  },
  {
      "Text": "Commercial - Hull",
      "Value": "Commercial - Hull"
  },
  {
      "Text": "Commercial - Inland Marine",
      "Value": "Commercial - Inland Marine"
  },
  {
      "Text": "Commercial - Liability",
      "Value": "Commercial - Liability"
  },
  {
      "Text": "Commercial - Major",
      "Value": "Commercial - Major"
  },
  {
      "Text": "Commercial - Management Liability",
      "Value": "Commercial - Management Liability"
  },
  {
      "Text": "Commercial - Marine",
      "Value": "Commercial - Marine"
  },
  {
      "Text": "Commercial - MFG",
      "Value": "Commercial - MFG"
  },
  {
      "Text": "Commercial - Mini-CMP",
      "Value": "Commercial - Mini-CMP"
  },
  {
      "Text": "Commercial - P&C Cyber",
      "Value": "Commercial - P&C Cyber"
  },
  {
      "Text": "Commercial - Package",
      "Value": "Commercial - Package"
  },
  {
      "Text": "Commercial - PPL",
      "Value": "Commercial - PPL"
  },
  {
      "Text": "Commercial - Private Company/NFP",
      "Value": "Commercial - Private Company/NFP"
  },
  {
      "Text": "Commercial - Professional Liability",
      "Value": "Commercial - Professional Liability"
  },
  {
      "Text": "Commercial - Property",
      "Value": "Commercial - Property"
  },
  {
      "Text": "Commercial - RCC",
      "Value": "Commercial - RCC"
  },
  {
      "Text": "Commercial - Renewable Energy",
      "Value": "Commercial - Renewable Energy"
  },
  {
      "Text": "Commercial - Risk Transfer",
      "Value": "Commercial - Risk Transfer"
  },
  {
      "Text": "Commercial - Select",
      "Value": "Commercial - Select"
  },
  {
      "Text": "Commercial - Select Risk",
      "Value": "Commercial - Select Risk"
  },
  {
      "Text": "Commercial - Special Risk",
      "Value": "Commercial - Special Risk"
  },
  {
      "Text": "Commercial - Tanks",
      "Value": "Commercial - Tanks"
  },
  {
      "Text": "Commercial – N/A",
      "Value": "Commercial – N/A"
  },
  {
      "Text": "Commercial GL",
      "Value": "Commercial GL"
  },
  {
      "Text": "Commercial Specialty",
      "Value": "Commercial Specialty"
  },
  {
      "Text": "Commercial Surety",
      "Value": "Commercial Surety"
  },
  {
      "Text": "Commercial WC",
      "Value": "Commercial WC"
  },
  {
      "Text": "Comp",
      "Value": "Comp"
  },
  {
      "Text": "Construction",
      "Value": "Construction"
  },
  {
      "Text": "Construction Surety - E & W",
      "Value": "Construction Surety - E & W"
  },
  {
      "Text": "Contractors",
      "Value": "Contractors"
  },
  {
      "Text": "Corporate Accident & Sickness",
      "Value": "Corporate Accident & Sickness"
  },
  {
      "Text": "Credit",
      "Value": "Credit"
  },
  {
      "Text": "Credit Card Enhancements",
      "Value": "Credit Card Enhancements"
  },
  {
      "Text": "Credit Union",
      "Value": "Credit Union"
  },
  {
      "Text": "Crop Hail",
      "Value": "Crop Hail"
  },
  {
      "Text": "Czech Republic",
      "Value": "Czech Republic"
  },
  {
      "Text": "Denmark",
      "Value": "Denmark"
  },
  {
      "Text": "Digital Distribution",
      "Value": "Digital Distribution"
  },
  {
      "Text": "Ecuador",
      "Value": "Ecuador"
  },
  {
      "Text": "Egypt",
      "Value": "Egypt"
  },
  {
      "Text": "Employee Benefits",
      "Value": "Employee Benefits"
  },
  {
      "Text": "Energy",
      "Value": "Energy"
  },
  {
      "Text": "Engineering",
      "Value": "Engineering"
  },
  {
      "Text": "ESIS",
      "Value": "ESIS"
  },
  {
      "Text": "Eur - Not Otherwise Classified",
      "Value": "Eur - Not Otherwise Classified"
  },
  {
      "Text": "ex Auto",
      "Value": "ex Auto"
  },
  {
      "Text": "Excess",
      "Value": "Excess"
  },
  {
      "Text": "Excess Construction",
      "Value": "Excess Construction"
  },
  {
      "Text": "Excess Liability",
      "Value": "Excess Liability"
  },
  {
      "Text": "Facilities",
      "Value": "Facilities"
  },
  {
      "Text": "Farm",
      "Value": "Farm"
  },
  {
      "Text": "FE Not Otherwise Classified",
      "Value": "FE Not Otherwise Classified"
  },
  {
      "Text": "Financial Lines",
      "Value": "Financial Lines"
  },
  {
      "Text": "Finland",
      "Value": "Finland"
  },
  {
      "Text": "France",
      "Value": "France"
  },
  {
      "Text": "GAB",
      "Value": "GAB"
  },
  {
      "Text": "Germany",
      "Value": "Germany"
  },
  {
      "Text": "Gibraltar",
      "Value": "Gibraltar"
  },
  {
      "Text": "Global Benefits",
      "Value": "Global Benefits"
  },
  {
      "Text": "Greater China",
      "Value": "Greater China"
  },
  {
      "Text": "Greece",
      "Value": "Greece"
  },
  {
      "Text": "Group",
      "Value": "Group"
  },
  {
      "Text": "Group Accident",
      "Value": "Group Accident"
  },
  {
      "Text": "Guatemala",
      "Value": "Guatemala"
  },
  {
      "Text": "Health Risk Management",
      "Value": "Health Risk Management"
  },
  {
      "Text": "Healthy Paws",
      "Value": "Healthy Paws"
  },
  {
      "Text": "High Excess",
      "Value": "High Excess"
  },
  {
      "Text": "High Net Worth",
      "Value": "High Net Worth"
  },
  {
      "Text": "Hungary",
      "Value": "Hungary"
  },
  {
      "Text": "Individual",
      "Value": "Individual"
  },
  {
      "Text": "Inland Marine",
      "Value": "Inland Marine"
  },
  {
      "Text": "International Advantage",
      "Value": "International Advantage"
  },
  {
      "Text": "Ireland",
      "Value": "Ireland"
  },
  {
      "Text": "Italy",
      "Value": "Italy"
  },
  {
      "Text": "Japan",
      "Value": "Japan"
  },
  {
      "Text": "LA Not Otherwise Classified",
      "Value": "LA Not Otherwise Classified"
  },
  {
      "Text": "Large Whsl Environmental",
      "Value": "Large Whsl Environmental"
  },
  {
      "Text": "Latin American Facultative Re",
      "Value": "Latin American Facultative Re"
  },
  {
      "Text": "LCHB Whsle Environmental",
      "Value": "LCHB Whsle Environmental"
  },
  {
      "Text": "Leisure Travel",
      "Value": "Leisure Travel"
  },
  {
      "Text": "Liability",
      "Value": "Liability"
  },
  {
      "Text": "Life Sciences",
      "Value": "Life Sciences"
  },
  {
      "Text": "Liquor Liability",
      "Value": "Liquor Liability"
  },
  {
      "Text": "Long Term Care",
      "Value": "Long Term Care"
  },
  {
      "Text": "LPT",
      "Value": "LPT"
  },
  {
      "Text": "Maintenance Wrap Up",
      "Value": "Maintenance Wrap Up"
  },
  {
      "Text": "Major - Cargo",
      "Value": "Major - Cargo"
  },
  {
      "Text": "Major - Casualty",
      "Value": "Major - Casualty"
  },
  {
      "Text": "Major - CPL",
      "Value": "Major - CPL"
  },
  {
      "Text": "Major - Cyber",
      "Value": "Major - Cyber"
  },
  {
      "Text": "Major - DBA",
      "Value": "Major - DBA"
  },
  {
      "Text": "Major - ECOPac",
      "Value": "Major - ECOPac"
  },
  {
      "Text": "Major - Environmental",
      "Value": "Major - Environmental"
  },
  {
      "Text": "Major - Facilities",
      "Value": "Major - Facilities"
  },
  {
      "Text": "Major - Financial Institutions",
      "Value": "Major - Financial Institutions"
  },
  {
      "Text": "Major - Hull",
      "Value": "Major - Hull"
  },
  {
      "Text": "Major - Liability",
      "Value": "Major - Liability"
  },
  {
      "Text": "Major - Management Liability",
      "Value": "Major - Management Liability"
  },
  {
      "Text": "Major - Marine",
      "Value": "Major - Marine"
  },
  {
      "Text": "Major - MFG",
      "Value": "Major - MFG"
  },
  {
      "Text": "Major - Mini-CMP",
      "Value": "Major - Mini-CMP"
  },
  {
      "Text": "Major - Package",
      "Value": "Major - Package"
  },
  {
      "Text": "Major - PPL",
      "Value": "Major - PPL"
  },
  {
      "Text": "Major - Private Company/NFP",
      "Value": "Major - Private Company/NFP"
  },
  {
      "Text": "Major - Professional Liability",
      "Value": "Major - Professional Liability"
  },
  {
      "Text": "Major - Property",
      "Value": "Major - Property"
  },
  {
      "Text": "Major - RCC",
      "Value": "Major - RCC"
  },
  {
      "Text": "Major - Risk Transfer",
      "Value": "Major - Risk Transfer"
  },
  {
      "Text": "Major - Special Risk",
      "Value": "Major - Special Risk"
  },
  {
      "Text": "Major - Tanks",
      "Value": "Major - Tanks"
  },
  {
      "Text": "Major - Transactional Risk",
      "Value": "Major - Transactional Risk"
  },
  {
      "Text": "Marine Cashflow",
      "Value": "Marine Cashflow"
  },
  {
      "Text": "Mexico",
      "Value": "Mexico"
  },
  {
      "Text": "MGA Programs",
      "Value": "MGA Programs"
  },
  {
      "Text": "Middle East Inactive",
      "Value": "Middle East Inactive"
  },
  {
      "Text": "Middle Market",
      "Value": "Middle Market"
  },
  {
      "Text": "National",
      "Value": "National"
  },
  {
      "Text": "National E&C Surety",
      "Value": "National E&C Surety"
  },
  {
      "Text": "Netherlands",
      "Value": "Netherlands"
  },
  {
      "Text": "New Zealand",
      "Value": "New Zealand"
  },
  {
      "Text": "Non Affinion",
      "Value": "Non Affinion"
  },
  {
      "Text": "Norway",
      "Value": "Norway"
  },
  {
      "Text": "Off Shore",
      "Value": "Off Shore"
  },
  {
      "Text": "Other A&H",
      "Value": "Other A&H"
  },
  {
      "Text": "Other Affinity",
      "Value": "Other Affinity"
  },
  {
      "Text": "Package",
      "Value": "Package"
  },
  {
      "Text": "Pakistan",
      "Value": "Pakistan"
  },
  {
      "Text": "Panama",
      "Value": "Panama"
  },
  {
      "Text": "Peru",
      "Value": "Peru"
  },
  {
      "Text": "Physical Damage",
      "Value": "Physical Damage"
  },
  {
      "Text": "Poland",
      "Value": "Poland"
  },
  {
      "Text": "Political Risk Insurance",
      "Value": "Political Risk Insurance"
  },
  {
      "Text": "Pools",
      "Value": "Pools"
  },
  {
      "Text": "Portugal",
      "Value": "Portugal"
  },
  {
      "Text": "Power",
      "Value": "Power"
  },
  {
      "Text": "Premier",
      "Value": "Premier"
  },
  {
      "Text": "Primary",
      "Value": "Primary"
  },
  {
      "Text": "Primary Casualty",
      "Value": "Primary Casualty"
  },
  {
      "Text": "Product Recall",
      "Value": "Product Recall"
  },
  {
      "Text": "Programs",
      "Value": "Programs"
  },
  {
      "Text": "Programs - Cyber",
      "Value": "Programs - Cyber"
  },
  {
      "Text": "Property",
      "Value": "Property"
  },
  {
      "Text": "Property - National Accounts",
      "Value": "Property - National Accounts"
  },
  {
      "Text": "Property Cashflow",
      "Value": "Property Cashflow"
  },
  {
      "Text": "Puerto Rico",
      "Value": "Puerto Rico"
  },
  {
      "Text": "Railroad",
      "Value": "Railroad"
  },
  {
      "Text": "Real Estate",
      "Value": "Real Estate"
  },
  {
      "Text": "Real Estate Excess",
      "Value": "Real Estate Excess"
  },
  {
      "Text": "Real Estate Excess Programs",
      "Value": "Real Estate Excess Programs"
  },
  {
      "Text": "Renewable Energy",
      "Value": "Renewable Energy"
  },
  {
      "Text": "Romania",
      "Value": "Romania"
  },
  {
      "Text": "Russia",
      "Value": "Russia"
  },
  {
      "Text": "Satellites",
      "Value": "Satellites"
  },
  {
      "Text": "Saudi Arabia",
      "Value": "Saudi Arabia"
  },
  {
      "Text": "Scholastic Accident & Sickness",
      "Value": "Scholastic Accident & Sickness"
  },
  {
      "Text": "Select Binding Facilities",
      "Value": "Select Binding Facilities"
  },
  {
      "Text": "Small Contractor Run-Off",
      "Value": "Small Contractor Run-Off"
  },
  {
      "Text": "Small Retail - BOP & Umb",
      "Value": "Small Retail - BOP & Umb"
  },
  {
      "Text": "Small Retail - Cargo",
      "Value": "Small Retail - Cargo"
  },
  {
      "Text": "Small Retail - Comm Risk Inland",
      "Value": "Small Retail - Comm Risk Inland"
  },
  {
      "Text": "Small Retail - Cyber",
      "Value": "Small Retail - Cyber"
  },
  {
      "Text": "Small Retail - Facilities",
      "Value": "Small Retail - Facilities"
  },
  {
      "Text": "Small Retail - Hull",
      "Value": "Small Retail - Hull"
  },
  {
      "Text": "Small Retail - Inland Marine",
      "Value": "Small Retail - Inland Marine"
  },
  {
      "Text": "Small Retail - Liability",
      "Value": "Small Retail - Liability"
  },
  {
      "Text": "Small Retail - Management Liability",
      "Value": "Small Retail - Management Liability"
  },
  {
      "Text": "Small Retail - MFG",
      "Value": "Small Retail - MFG"
  },
  {
      "Text": "Small Retail - Private Company/NFP",
      "Value": "Small Retail - Private Company/NFP"
  },
  {
      "Text": "Small Retail - Professional Liability",
      "Value": "Small Retail - Professional Liability"
  },
  {
      "Text": "Small Whsl Environmental",
      "Value": "Small Whsl Environmental"
  },
  {
      "Text": "South African",
      "Value": "South African"
  },
  {
      "Text": "Spain",
      "Value": "Spain"
  },
  {
      "Text": "Specialty Cat",
      "Value": "Specialty Cat"
  },
  {
      "Text": "Specialty Core",
      "Value": "Specialty Core"
  },
  {
      "Text": "Starr Tech Energy",
      "Value": "Starr Tech Energy"
  },
  {
      "Text": "Structured Prospective",
      "Value": "Structured Prospective"
  },
  {
      "Text": "Structured Trade Credit",
      "Value": "Structured Trade Credit"
  },
  {
      "Text": "Student Health",
      "Value": "Student Health"
  },
  {
      "Text": "Sweden",
      "Value": "Sweden"
  },
  {
      "Text": "Switzerland",
      "Value": "Switzerland"
  },
  {
      "Text": "Terror",
      "Value": "Terror"
  },
  {
      "Text": "Trade Credit",
      "Value": "Trade Credit"
  },
  {
      "Text": "Turkey",
      "Value": "Turkey"
  },
  {
      "Text": "TX Nonsubscriber",
      "Value": "TX Nonsubscriber"
  },
  {
      "Text": "UK",
      "Value": "UK"
  },
  {
      "Text": "Ukraine",
      "Value": "Ukraine"
  },
  {
      "Text": "United Arab Emerates",
      "Value": "United Arab Emerates"
  },
  {
      "Text": "USAU",
      "Value": "USAU"
  },
  {
      "Text": "USUS",
      "Value": "USUS"
  }
]