{
  "companies": [
      {
          "Text": "Agriculture Division",
          "Value": "Agriculture Division"
      },
      {
          "Text": "AOG",
          "Value": "AOG"
      },
      {
          "Text": "Bermuda Division",
          "Value": "Bermuda Division"
      },
      {
          "Text": "Commercial Insurance Division",
          "Value": "Commercial Insurance Division"
      },
      {
          "Text": "Major Accounts Division",
          "Value": "Major Accounts Division"
      },
      {
          "Text": "Personal Lines Division",
          "Value": "Personal Lines Division"
      },
      {
          "Text": "Small Retail Division",
          "Value": "Small Retail Division"
      },
      {
          "Text": "Wholesale/Excess & Surplus Division",
          "Value": "Wholesale/Excess & Surplus Division"
      }
  ],
  "regions": [
      {
          "Text": "Canada",
          "Value": "Canada"
      },
      {
          "Text": "Home Office",
          "Value": "Home Office"
      },
      {
          "Text": "Midatlantic",
          "Value": "Midatlantic"
      },
      {
          "Text": "Midwest",
          "Value": "Midwest"
      },
      {
          "Text": "New York",
          "Value": "New York"
      },
      {
          "Text": "Northeast",
          "Value": "Northeast"
      },
      {
          "Text": "Pacific",
          "Value": "Pacific"
      },
      {
          "Text": "Southeast",
          "Value": "Southeast"
      },
      {
          "Text": "Southwest",
          "Value": "Southwest"
      }
  ],
  "branches": [
      {
          "Text": "Atlanta",
          "Value": "Atlanta"
      },
      {
          "Text": "Austin",
          "Value": "Austin"
      },
      {
          "Text": "Baltimore",
          "Value": "Baltimore"
      },
      {
          "Text": "Birmingham",
          "Value": "Birmingham"
      },
      {
          "Text": "Boston",
          "Value": "Boston"
      },
      {
          "Text": "Calgary",
          "Value": "Calgary"
      },
      {
          "Text": "Charlotte",
          "Value": "Charlotte"
      },
      {
          "Text": "Chicago",
          "Value": "Chicago"
      },
      {
          "Text": "Cincinnati",
          "Value": "Cincinnati"
      },
      {
          "Text": "Cleveland",
          "Value": "Cleveland"
      },
      {
          "Text": "Columbus",
          "Value": "Columbus"
      },
      {
          "Text": "Dallas",
          "Value": "Dallas"
      },
      {
          "Text": "Denver",
          "Value": "Denver"
      },
      {
          "Text": "Des Moines",
          "Value": "Des Moines"
      },
      {
          "Text": "Grand Rapids",
          "Value": "Grand Rapids"
      },
      {
          "Text": "Harrisburg",
          "Value": "Harrisburg"
      },
      {
          "Text": "Home Office",
          "Value": "Home Office"
      },
      {
          "Text": "Houston",
          "Value": "Houston"
      },
      {
          "Text": "Indianapolis",
          "Value": "Indianapolis"
      },
      {
          "Text": "Kansas City",
          "Value": "Kansas City"
      },
      {
          "Text": "Los Angeles",
          "Value": "Los Angeles"
      },
      {
          "Text": "Louisville",
          "Value": "Louisville"
      },
      {
          "Text": "Milwaukee",
          "Value": "Milwaukee"
      },
      {
          "Text": "Minneapolis",
          "Value": "Minneapolis"
      },
      {
          "Text": "Montreal",
          "Value": "Montreal"
      },
      {
          "Text": "Nashville",
          "Value": "Nashville"
      },
      {
          "Text": "New Haven",
          "Value": "New Haven"
      },
      {
          "Text": "New Jersey",
          "Value": "New Jersey",
          "Region": "New York"
      },
      {
          "Text": "New York City",
          "Value": "New York City",
          "Region": "New York"
      },
      {
          "Text": "Newport Beach",
          "Value": "Newport Beach"
      },
      {
          "Text": "Philadelphia",
          "Value": "Philadelphia"
      },
      {
          "Text": "Phoenix",
          "Value": "Phoenix"
      },
      {
          "Text": "Pittsburgh",
          "Value": "Pittsburgh"
      },
      {
          "Text": "Portland",
          "Value": "Portland"
      },
      {
          "Text": "Richmond",
          "Value": "Richmond"
      },
      {
          "Text": "Rochester",
          "Value": "Rochester"
      },
      {
          "Text": "San Diego",
          "Value": "San Diego"
      },
      {
          "Text": "San Francisco",
          "Value": "San Francisco"
      },
      {
          "Text": "San Ramon",
          "Value": "San Ramon"
      },
      {
          "Text": "Schaumburg",
          "Value": "Schaumburg"
      },
      {
          "Text": "Seattle",
          "Value": "Seattle"
      },
      {
          "Text": "St. Louis",
          "Value": "St. Louis"
      },
      {
          "Text": "Tampa",
          "Value": "Tampa"
      },
      {
          "Text": "Toronto",
          "Value": "Toronto"
      },
      {
          "Text": "Troy",
          "Value": "Troy"
      },
      {
          "Text": "Tulsa",
          "Value": "Tulsa"
      },
      {
          "Text": "Uniondale",
          "Value": "Uniondale",
          "Region": "New York"
      },
      {
          "Text": "Vancouver",
          "Value": "Vancouver"
      },
      {
          "Text": "Washington DC",
          "Value": "Washington DC"
      },
      {
          "Text": "White Plains",
          "Value": "White Plains",
          "Region": "New York"
      }
  ]
}