[
  {
      "Text": "ACE American (AIXS)",
      "Value": "ACE American (AIXS)"
  },
  {
      "Text": "ACE P&C (AIXS)",
      "Value": "ACE P&C (AIXS)"
  },
  {
      "Text": "ACEPaC",
      "Value": "ACEPaC"
  },
  {
      "Text": "AFU",
      "Value": "AFU"
  },
  {
      "Text": "AICA",
      "Value": "AICA"
  },
  {
      "Text": "AIS",
      "Value": "AIS"
  },
  {
      "Text": "All other",
      "Value": "All other"
  },
  {
      "Text": "AMEX",
      "Value": "AMEX"
  },
  {
      "Text": "AP Not Otherwise Classified",
      "Value": "AP Not Otherwise Classified"
  },
  {
      "Text": "Augsburg",
      "Value": "Augsburg"
  },
  {
      "Text": "Barcelona",
      "Value": "Barcelona"
  },
  {
      "Text": "BCLNA",
      "Value": "BCLNA"
  },
  {
      "Text": "Biofuels",
      "Value": "Biofuels"
  },
  {
      "Text": "Bologna",
      "Value": "Bologna"
  },
  {
      "Text": "BOP",
      "Value": "BOP"
  },
  {
      "Text": "Bordeaux",
      "Value": "Bordeaux"
  },
  {
      "Text": "CAIL INS CO",
      "Value": "CAIL INS CO"
  },
  {
      "Text": "Canada ARM",
      "Value": "Canada ARM"
  },
  {
      "Text": "CAPP",
      "Value": "CAPP"
  },
  {
      "Text": "CCIP",
      "Value": "CCIP"
  },
  {
      "Text": "Central",
      "Value": "Central"
  },
  {
      "Text": "China",
      "Value": "China"
  },
  {
      "Text": "Chubb Bda Intl - Dublin",
      "Value": "Chubb Bda Intl - Dublin"
  },
  {
      "Text": "Chubb Bda Intl - London",
      "Value": "Chubb Bda Intl - London"
  },
  {
      "Text": "Chubb Bda Intl Re -Dublin",
      "Value": "Chubb Bda Intl Re -Dublin"
  },
  {
      "Text": "Chubb Bermuda Insurance",
      "Value": "Chubb Bermuda Insurance"
  },
  {
      "Text": "CIE (Singapore)",
      "Value": "CIE (Singapore)"
  },
  {
      "Text": "Classic Book",
      "Value": "Classic Book"
  },
  {
      "Text": "ClubPac",
      "Value": "ClubPac"
  },
  {
      "Text": "CMP",
      "Value": "CMP"
  },
  {
      "Text": "Collateralized",
      "Value": "Collateralized"
  },
  {
      "Text": "Cologne",
      "Value": "Cologne"
  },
  {
      "Text": "Commercial",
      "Value": "Commercial"
  },
  {
      "Text": "Construction",
      "Value": "Construction"
  },
  {
      "Text": "Coop/IPP",
      "Value": "Coop/IPP"
  },
  {
      "Text": "Corporate Off & Dir Ltd",
      "Value": "Corporate Off & Dir Ltd"
  },
  {
      "Text": "CPC",
      "Value": "CPC"
  },
  {
      "Text": "CPL",
      "Value": "CPL"
  },
  {
      "Text": "Crane",
      "Value": "Crane"
  },
  {
      "Text": "Credit",
      "Value": "Credit"
  },
  {
      "Text": "Cyber",
      "Value": "Cyber"
  },
  {
      "Text": "Dealersure",
      "Value": "Dealersure"
  },
  {
      "Text": "Deductible Buy Back",
      "Value": "Deductible Buy Back"
  },
  {
      "Text": "Direct Marketing",
      "Value": "Direct Marketing"
  },
  {
      "Text": "E&O only",
      "Value": "E&O only"
  },
  {
      "Text": "East",
      "Value": "East"
  },
  {
      "Text": "ECOPac",
      "Value": "ECOPac"
  },
  {
      "Text": "EDC",
      "Value": "EDC"
  },
  {
      "Text": "Encon",
      "Value": "Encon"
  },
  {
      "Text": "EPIC",
      "Value": "EPIC"
  },
  {
      "Text": "Excess Property",
      "Value": "Excess Property"
  },
  {
      "Text": "Financial Institutions",
      "Value": "Financial Institutions"
  },
  {
      "Text": "Financial Services",
      "Value": "Financial Services"
  },
  {
      "Text": "Foreign Casualty",
      "Value": "Foreign Casualty"
  },
  {
      "Text": "Frankfurt",
      "Value": "Frankfurt"
  },
  {
      "Text": "General Casualty",
      "Value": "General Casualty"
  },
  {
      "Text": "GENIUS",
      "Value": "GENIUS"
  },
  {
      "Text": "Genova",
      "Value": "Genova"
  },
  {
      "Text": "GL",
      "Value": "GL"
  },
  {
      "Text": "GL and E&O",
      "Value": "GL and E&O"
  },
  {
      "Text": "Greenhouses",
      "Value": "Greenhouses"
  },
  {
      "Text": "Group",
      "Value": "Group"
  },
  {
      "Text": "Hamburg",
      "Value": "Hamburg"
  },
  {
      "Text": "Hartford direct",
      "Value": "Hartford direct"
  },
  {
      "Text": "Home Office",
      "Value": "Home Office"
  },
  {
      "Text": "Hong Kong",
      "Value": "Hong Kong"
  },
  {
      "Text": "Hospitality/Casino",
      "Value": "Hospitality/Casino"
  },
  {
      "Text": "India",
      "Value": "India"
  },
  {
      "Text": "Individual",
      "Value": "Individual"
  },
  {
      "Text": "Indonesia",
      "Value": "Indonesia"
  },
  {
      "Text": "JV",
      "Value": "JV"
  },
  {
      "Text": "Korea",
      "Value": "Korea"
  },
  {
      "Text": "L-Blue",
      "Value": "L-Blue"
  },
  {
      "Text": "L-Green",
      "Value": "L-Green"
  },
  {
      "Text": "Lawyers",
      "Value": "Lawyers"
  },
  {
      "Text": "Life",
      "Value": "Life"
  },
  {
      "Text": "Long Haul Trucking",
      "Value": "Long Haul Trucking"
  },
  {
      "Text": "Lyon",
      "Value": "Lyon"
  },
  {
      "Text": "Macau",
      "Value": "Macau"
  },
  {
      "Text": "Madrid",
      "Value": "Madrid"
  },
  {
      "Text": "Major",
      "Value": "Major"
  },
  {
      "Text": "Malaysia",
      "Value": "Malaysia"
  },
  {
      "Text": "MANUAL",
      "Value": "MANUAL"
  },
  {
      "Text": "Manufacturing",
      "Value": "Manufacturing"
  },
  {
      "Text": "Medical Risk & Life Sciences",
      "Value": "Medical Risk & Life Sciences"
  },
  {
      "Text": "Middle",
      "Value": "Middle"
  },
  {
      "Text": "Middle Market",
      "Value": "Middle Market"
  },
  {
      "Text": "Middle Market Express",
      "Value": "Middle Market Express"
  },
  {
      "Text": "Middle Markets",
      "Value": "Middle Markets"
  },
  {
      "Text": "Milano",
      "Value": "Milano"
  },
  {
      "Text": "Nantes",
      "Value": "Nantes"
  },
  {
      "Text": "National",
      "Value": "National"
  },
  {
      "Text": "NationsPlus",
      "Value": "NationsPlus"
  },
  {
      "Text": "New Sky",
      "Value": "New Sky"
  },
  {
      "Text": "NOC",
      "Value": "NOC"
  },
  {
      "Text": "Non CMP-Field Cargo",
      "Value": "Non CMP-Field Cargo"
  },
  {
      "Text": "Non Hartford Direct",
      "Value": "Non Hartford Direct"
  },
  {
      "Text": "Non JV",
      "Value": "Non JV"
  },
  {
      "Text": "Non-Middle Markets",
      "Value": "Non-Middle Markets"
  },
  {
      "Text": "OCIP",
      "Value": "OCIP"
  },
  {
      "Text": "Other",
      "Value": "Other"
  },
  {
      "Text": "Package",
      "Value": "Package"
  },
  {
      "Text": "Padova",
      "Value": "Padova"
  },
  {
      "Text": "Paris",
      "Value": "Paris"
  },
  {
      "Text": "PEI",
      "Value": "PEI"
  },
  {
      "Text": "Penn Millers",
      "Value": "Penn Millers"
  },
  {
      "Text": "Philippines",
      "Value": "Philippines"
  },
  {
      "Text": "PM - Illinois Union",
      "Value": "PM - Illinois Union"
  },
  {
      "Text": "PM - Pacific Employers",
      "Value": "PM - Pacific Employers"
  },
  {
      "Text": "PPL",
      "Value": "PPL"
  },
  {
      "Text": "Practice",
      "Value": "Practice"
  },
  {
      "Text": "Premises",
      "Value": "Premises"
  },
  {
      "Text": "Primary",
      "Value": "Primary"
  },
  {
      "Text": "Primary Property",
      "Value": "Primary Property"
  },
  {
      "Text": "Primary Property - Indicated",
      "Value": "Primary Property - Indicated"
  },
  {
      "Text": "Primary Select",
      "Value": "Primary Select"
  },
  {
      "Text": "Primary Select - Indicated",
      "Value": "Primary Select - Indicated"
  },
  {
      "Text": "Private/NFP",
      "Value": "Private/NFP"
  },
  {
      "Text": "Product Recall",
      "Value": "Product Recall"
  },
  {
      "Text": "Professional Liability",
      "Value": "Professional Liability"
  },
  {
      "Text": "Project",
      "Value": "Project"
  },
  {
      "Text": "Property Hazard Class 2-4",
      "Value": "Property Hazard Class 2-4"
  },
  {
      "Text": "Property Hazard Class 5-7",
      "Value": "Property Hazard Class 5-7"
  },
  {
      "Text": "Property Hazard Class 8-10",
      "Value": "Property Hazard Class 8-10"
  },
  {
      "Text": "Public Vehicle",
      "Value": "Public Vehicle"
  },
  {
      "Text": "RCC",
      "Value": "RCC"
  },
  {
      "Text": "RCCIP",
      "Value": "RCCIP"
  },
  {
      "Text": "Regional",
      "Value": "Regional"
  },
  {
      "Text": "Restaurants/Liquor",
      "Value": "Restaurants/Liquor"
  },
  {
      "Text": "ROCIP",
      "Value": "ROCIP"
  },
  {
      "Text": "Roma",
      "Value": "Roma"
  },
  {
      "Text": "Services",
      "Value": "Services"
  },
  {
      "Text": "Singapore",
      "Value": "Singapore"
  },
  {
      "Text": "Sites",
      "Value": "Sites"
  },
  {
      "Text": "Ski",
      "Value": "Ski"
  },
  {
      "Text": "Small",
      "Value": "Small"
  },
  {
      "Text": "Small Cargo",
      "Value": "Small Cargo"
  },
  {
      "Text": "Solar",
      "Value": "Solar"
  },
  {
      "Text": "Stop Loss Accounts",
      "Value": "Stop Loss Accounts"
  },
  {
      "Text": "Strasbourg",
      "Value": "Strasbourg"
  },
  {
      "Text": "Strata",
      "Value": "Strata"
  },
  {
      "Text": "Stuttgart",
      "Value": "Stuttgart"
  },
  {
      "Text": "Supported Excess",
      "Value": "Supported Excess"
  },
  {
      "Text": "Taiwan",
      "Value": "Taiwan"
  },
  {
      "Text": "Tanks",
      "Value": "Tanks"
  },
  {
      "Text": "Terrorism",
      "Value": "Terrorism"
  },
  {
      "Text": "Thailand",
      "Value": "Thailand"
  },
  {
      "Text": "Traditional",
      "Value": "Traditional"
  },
  {
      "Text": "Unsupported Excess",
      "Value": "Unsupported Excess"
  },
  {
      "Text": "US Public",
      "Value": "US Public"
  },
  {
      "Text": "Vietnam",
      "Value": "Vietnam"
  },
  {
      "Text": "West",
      "Value": "West"
  },
  {
      "Text": "Wiesbaden",
      "Value": "Wiesbaden"
  },
  {
      "Text": "Wind",
      "Value": "Wind"
  },
  {
      "Text": "Wrap Up",
      "Value": "Wrap Up"
  }
]