[
  {
    "Text": "2003",
    "Value": "4"
  },
  {
    "Text": "2004",
    "Value": "5"
  },
  {
    "Text": "2005",
    "Value": "6"
  },
  {
    "Text": "2006",
    "Value": "7"
  },
  {
    "Text": "2007",
    "Value": "8"
  },
  {
    "Text": "2008",
    "Value": "9"
  },
  {
    "Text": "2009",
    "Value": "10"
  },
  {
    "Text": "2010",
    "Value": "11"
  },
  {
    "Text": "2011",
    "Value": "12"
  },
  {
    "Text": "2012",
    "Value": "13"
  },
  {
    "Text": "2013",
    "Value": "14"
  },
  {
    "Text": "2014",
    "Value": "15"
  },
  {
    "Text": "2015",
    "Value": "16"
  },
  {
    "Text": "2016",
    "Value": "17"
  },
  {
    "Text": "2017",
    "Value": "18"
  },
  {
    "Text": "2018",
    "Value": "19"
  },
  {
    "Text": "2019",
    "Value": "20"
  },
  {
    "Text": "2020",
    "Value": "21"
  },
  {
    "Text": "2021",
    "Value": "22"
  },
  {
    "Text": "2022",
    "Value": "23"
  },
  {
    "Text": "2023",
    "Value": "24"
  },
  {
    "Text": "2024",
    "Value": "25"
  },
  {
    "Text": "2025",
    "Value": "26"
  }
]