{
    "data": [
        {
            "Company": null,
            "Division": null,
            "Unit": null,
            "Segment": null,
            "CYTDTotalForecastNewBusiness": 0,
            "PYTDTotalForecastNewBusiness": 143820,
            "CYTDTotalBound": 0,
            "PYTDTotalBound": 6,
            "CYTDTotalSubmission": 0,
            "PYTDTotalSubmission": 4,
            "CYTDTotalTargetNotSubmitted": 0,
            "CYTDTotalQuote": 0,
            "PYTDTotalQuote": 3,
            "CYTDTotalQuoteRejects": 0
        },
        {
            "Company": "Commercial Insurance Division",
            "Division": null,
            "Unit": null,
            "Segment": null,
            "CYTDTotalForecastNewBusiness": 18707961,
            "PYTDTotalForecastNewBusiness": 155592,
            "CYTDTotalBound": 34,
            "PYTDTotalBound": 30,
            "CYTDTotalSubmission": 64,
            "PYTDTotalSubmission": 5,
            "CYTDTotalTargetNotSubmitted": 755501,
            "CYTDTotalQuote": 72,
            "PYTDTotalQuote": 61,
            "CYTDTotalQuoteRejects": 378651
        },
        {
            "Company": "Major Accounts Division",
            "Division": null,
            "Unit": null,
            "Segment": null,
            "CYTDTotalForecastNewBusiness": 538221,
            "PYTDTotalForecastNewBusiness": 291239,
            "CYTDTotalBound": 33,
            "PYTDTotalBound": 10,
            "CYTDTotalSubmission": 14,
            "PYTDTotalSubmission": 0,
            "CYTDTotalTargetNotSubmitted": 3605067,
            "CYTDTotalQuote": 15,
            "PYTDTotalQuote": 4,
            "CYTDTotalQuoteRejects": 1465350
        },
        {
            "Company": "Small Retail Division",
            "Division": null,
            "Unit": null,
            "Segment": null,
            "CYTDTotalForecastNewBusiness": 60675,
            "PYTDTotalForecastNewBusiness": 5133,
            "CYTDTotalBound": 105,
            "PYTDTotalBound": 2,
            "CYTDTotalSubmission": 17,
            "PYTDTotalSubmission": 10,
            "CYTDTotalTargetNotSubmitted": 0,
            "CYTDTotalQuote": 19,
            "PYTDTotalQuote": 5,
            "CYTDTotalQuoteRejects": 0
        },
        {
            "Company": "Wholesale/Excess & Surplus Division",
            "Division": null,
            "Unit": null,
            "Segment": null,
            "CYTDTotalForecastNewBusiness": 1687447,
            "PYTDTotalForecastNewBusiness": 2055701,
            "CYTDTotalBound": 65,
            "PYTDTotalBound": 153,
            "CYTDTotalSubmission": 32,
            "PYTDTotalSubmission": 4,
            "CYTDTotalTargetNotSubmitted": 0,
            "CYTDTotalQuote": 172,
            "PYTDTotalQuote": 110,
            "CYTDTotalQuoteRejects": 1031537
        },
        {
            "Company": "CompanyTotal",
            "Division": null,
            "Unit": null,
            "Segment": null,
            "CYTDTotalForecastNewBusiness": 20994304,
            "PYTDTotalForecastNewBusiness": 2651485,
            "CYTDTotalBound": 237,
            "PYTDTotalBound": 201,
            "CYTDTotalSubmission": 127,
            "PYTDTotalSubmission": 23,
            "CYTDTotalTargetNotSubmitted": 4360568,
            "CYTDTotalQuote": 278,
            "PYTDTotalQuote": 183,
            "CYTDTotalQuoteRejects": 2875538
        },
        {
            "Company": null,
            "Division": null,
            "Unit": null,
            "Segment": null,
            "CYTDTotalForecastNewBusiness": 0,
            "PYTDTotalForecastNewBusiness": 143820,
            "CYTDTotalBound": 0,
            "PYTDTotalBound": 6,
            "CYTDTotalSubmission": 0,
            "PYTDTotalSubmission": 4,
            "CYTDTotalTargetNotSubmitted": 0,
            "CYTDTotalQuote": 0,
            "PYTDTotalQuote": 3,
            "CYTDTotalQuoteRejects": 0
        },
        {
            "Company": "Commercial Insurance Division",
            "Division": "A&H - Commercial",
            "Unit": null,
            "Segment": null,
            "CYTDTotalForecastNewBusiness": 0,
            "PYTDTotalForecastNewBusiness": 16912,
            "CYTDTotalBound": 0,
            "PYTDTotalBound": 4,
            "CYTDTotalSubmission": 0,
            "PYTDTotalSubmission": 0,
            "CYTDTotalTargetNotSubmitted": 0,
            "CYTDTotalQuote": 2,
            "PYTDTotalQuote": 1,
            "CYTDTotalQuoteRejects": 0
        },
        {
            "Company": "Commercial Insurance Division",
            "Division": "Aerospace",
            "Unit": null,
            "Segment": null,
            "CYTDTotalForecastNewBusiness": 3542,
            "PYTDTotalForecastNewBusiness": 0,
            "CYTDTotalBound": 1,
            "PYTDTotalBound": 0,
            "CYTDTotalSubmission": 2,
            "PYTDTotalSubmission": 0,
            "CYTDTotalTargetNotSubmitted": 0,
            "CYTDTotalQuote": 2,
            "PYTDTotalQuote": 0,
            "CYTDTotalQuoteRejects": 0
        },
        {
            "Company": "Commercial Insurance Division",
            "Division": "Canada P&C - Commercial",
            "Unit": null,
            "Segment": null,
            "CYTDTotalForecastNewBusiness": 0,
            "PYTDTotalForecastNewBusiness": 0,
            "CYTDTotalBound": 0,
            "PYTDTotalBound": 0,
            "CYTDTotalSubmission": 0,
            "PYTDTotalSubmission": 0,
            "CYTDTotalTargetNotSubmitted": 0,
            "CYTDTotalQuote": 2,
            "PYTDTotalQuote": 0,
            "CYTDTotalQuoteRejects": 0
        },
        {
            "Company": "Commercial Insurance Division",
            "Division": "Chubb Commercial Insurance Division",
            "Unit": null,
            "Segment": null,
            "CYTDTotalForecastNewBusiness": 11700,
            "PYTDTotalForecastNewBusiness": 58606,
            "CYTDTotalBound": 2,
            "PYTDTotalBound": 10,
            "CYTDTotalSubmission": 21,
            "PYTDTotalSubmission": 2,
            "CYTDTotalTargetNotSubmitted": 720501,
            "CYTDTotalQuote": 22,
            "PYTDTotalQuote": 26,
            "CYTDTotalQuoteRejects": 372233
        },
        {
            "Company": "Major Accounts Division",
            "Division": "Chubb Major Accounts Division",
            "Unit": null,
            "Segment": null,
            "CYTDTotalForecastNewBusiness": 0,
            "PYTDTotalForecastNewBusiness": 0,
            "CYTDTotalBound": 1,
            "PYTDTotalBound": 0,
            "CYTDTotalSubmission": 0,
            "PYTDTotalSubmission": 0,
            "CYTDTotalTargetNotSubmitted": 0,
            "CYTDTotalQuote": 0,
            "PYTDTotalQuote": 0,
            "CYTDTotalQuoteRejects": 0
        },
        {
            "Company": "Small Retail Division",
            "Division": "Chubb Small Commercial",
            "Unit": null,
            "Segment": null,
            "CYTDTotalForecastNewBusiness": 0,
            "PYTDTotalForecastNewBusiness": 0,
            "CYTDTotalBound": 0,
            "PYTDTotalBound": 0,
            "CYTDTotalSubmission": 1,
            "PYTDTotalSubmission": 0,
            "CYTDTotalTargetNotSubmitted": 0,
            "CYTDTotalQuote": 0,
            "PYTDTotalQuote": 0,
            "CYTDTotalQuoteRejects": 0
        },
        {
            "Company": "Commercial Insurance Division",
            "Division": "Environmental - Commercial",
            "Unit": null,
            "Segment": null,
            "CYTDTotalForecastNewBusiness": 1349,
            "PYTDTotalForecastNewBusiness": 472,
            "CYTDTotalBound": 3,
            "PYTDTotalBound": 1,
            "CYTDTotalSubmission": 0,
            "PYTDTotalSubmission": 0,
            "CYTDTotalTargetNotSubmitted": 0,
            "CYTDTotalQuote": 2,
            "PYTDTotalQuote": 1,
            "CYTDTotalQuoteRejects": 0
        },
        {
            "Company": "Major Accounts Division",
            "Division": "Environmental - Major",
            "Unit": null,
            "Segment": null,
            "CYTDTotalForecastNewBusiness": 0,
            "PYTDTotalForecastNewBusiness": 0,
            "CYTDTotalBound": 0,
            "PYTDTotalBound": 0,
            "CYTDTotalSubmission": 0,
            "PYTDTotalSubmission": 0,
            "CYTDTotalTargetNotSubmitted": 0,
            "CYTDTotalQuote": 1,
            "PYTDTotalQuote": 0,
            "CYTDTotalQuoteRejects": 0
        },
        {
            "Company": "Commercial Insurance Division",
            "Division": "Excess-Casualty - Commercial",
            "Unit": null,
            "Segment": null,
            "CYTDTotalForecastNewBusiness": 0,
            "PYTDTotalForecastNewBusiness": 30104,
            "CYTDTotalBound": 0,
            "PYTDTotalBound": 4,
            "CYTDTotalSubmission": 2,
            "PYTDTotalSubmission": 1,
            "CYTDTotalTargetNotSubmitted": 0,
            "CYTDTotalQuote": 5,
            "PYTDTotalQuote": 2,
            "CYTDTotalQuoteRejects": 6418
        },
        {
            "Company": "Major Accounts Division",
            "Division": "Excess-Casualty - Major",
            "Unit": null,
            "Segment": null,
            "CYTDTotalForecastNewBusiness": 0,
            "PYTDTotalForecastNewBusiness": 0,
            "CYTDTotalBound": 0,
            "PYTDTotalBound": 0,
            "CYTDTotalSubmission": 0,
            "PYTDTotalSubmission": 0,
            "CYTDTotalTargetNotSubmitted": 100000,
            "CYTDTotalQuote": 1,
            "PYTDTotalQuote": 0,
            "CYTDTotalQuoteRejects": 0
        },
        {
            "Company": "Major Accounts Division",
            "Division": "Foreign Casualty Group",
            "Unit": null,
            "Segment": null,
            "CYTDTotalForecastNewBusiness": 1486,
            "PYTDTotalForecastNewBusiness": 255266,
            "CYTDTotalBound": 1,
            "PYTDTotalBound": 6,
            "CYTDTotalSubmission": 0,
            "PYTDTotalSubmission": 0,
            "CYTDTotalTargetNotSubmitted": 0,
            "CYTDTotalQuote": 0,
            "PYTDTotalQuote": 0,
            "CYTDTotalQuoteRejects": 0
        },
        {
            "Company": "Commercial Insurance Division",
            "Division": "Multinational Casualty - Commercial",
            "Unit": null,
            "Segment": null,
            "CYTDTotalForecastNewBusiness": 0,
            "PYTDTotalForecastNewBusiness": 11583,
            "CYTDTotalBound": 0,
            "PYTDTotalBound": 2,
            "CYTDTotalSubmission": 3,
            "PYTDTotalSubmission": 0,
            "CYTDTotalTargetNotSubmitted": 0,
            "CYTDTotalQuote": 3,
            "PYTDTotalQuote": 0,
            "CYTDTotalQuoteRejects": 0
        },
        {
            "Company": "Commercial Insurance Division",
            "Division": "Professional-Risk - Commercial",
            "Unit": null,
            "Segment": null,
            "CYTDTotalForecastNewBusiness": 18691370,
            "PYTDTotalForecastNewBusiness": 37856,
            "CYTDTotalBound": 28,
            "PYTDTotalBound": 8,
            "CYTDTotalSubmission": 25,
            "PYTDTotalSubmission": 2,
            "CYTDTotalTargetNotSubmitted": 35000,
            "CYTDTotalQuote": 23,
            "PYTDTotalQuote": 23,
            "CYTDTotalQuoteRejects": 0
        },
        {
            "Company": "Major Accounts Division",
            "Division": "Professional-Risk - Major",
            "Unit": null,
            "Segment": null,
            "CYTDTotalForecastNewBusiness": 351243,
            "PYTDTotalForecastNewBusiness": 0,
            "CYTDTotalBound": 21,
            "PYTDTotalBound": 0,
            "CYTDTotalSubmission": 13,
            "PYTDTotalSubmission": 0,
            "CYTDTotalTargetNotSubmitted": 0,
            "CYTDTotalQuote": 8,
            "PYTDTotalQuote": 0,
            "CYTDTotalQuoteRejects": 0
        },
        {
            "Company": "Small Retail Division",
            "Division": "Professional-Risk - Small Retail",
            "Unit": null,
            "Segment": null,
            "CYTDTotalForecastNewBusiness": 14278,
            "PYTDTotalForecastNewBusiness": 5133,
            "CYTDTotalBound": 78,
            "PYTDTotalBound": 2,
            "CYTDTotalSubmission": 9,
            "PYTDTotalSubmission": 2,
            "CYTDTotalTargetNotSubmitted": 0,
            "CYTDTotalQuote": 8,
            "PYTDTotalQuote": 4,
            "CYTDTotalQuoteRejects": 0
        },
        {
            "Company": "Commercial Insurance Division",
            "Division": "Property & Specialty - Commercial",
            "Unit": null,
            "Segment": null,
            "CYTDTotalForecastNewBusiness": 0,
            "PYTDTotalForecastNewBusiness": 59,
            "CYTDTotalBound": 0,
            "PYTDTotalBound": 1,
            "CYTDTotalSubmission": 5,
            "PYTDTotalSubmission": 0,
            "CYTDTotalTargetNotSubmitted": 0,
            "CYTDTotalQuote": 9,
            "PYTDTotalQuote": 8,
            "CYTDTotalQuoteRejects": 0
        },
        {
            "Company": "Major Accounts Division",
            "Division": "Property & Specialty - Major",
            "Unit": null,
            "Segment": null,
            "CYTDTotalForecastNewBusiness": 0,
            "PYTDTotalForecastNewBusiness": 0,
            "CYTDTotalBound": 0,
            "PYTDTotalBound": 0,
            "CYTDTotalSubmission": 1,
            "PYTDTotalSubmission": 0,
            "CYTDTotalTargetNotSubmitted": 0,
            "CYTDTotalQuote": 1,
            "PYTDTotalQuote": 0,
            "CYTDTotalQuoteRejects": 565000
        },
        {
            "Company": "Major Accounts Division",
            "Division": "Real estate & Primary Cas.",
            "Unit": null,
            "Segment": null,
            "CYTDTotalForecastNewBusiness": 0,
            "PYTDTotalForecastNewBusiness": 0,
            "CYTDTotalBound": 0,
            "PYTDTotalBound": 0,
            "CYTDTotalSubmission": 0,
            "PYTDTotalSubmission": 0,
            "CYTDTotalTargetNotSubmitted": 0,
            "CYTDTotalQuote": 0,
            "PYTDTotalQuote": 2,
            "CYTDTotalQuoteRejects": 0
        },
        {
            "Company": "Major Accounts Division",
            "Division": "Risk Mgmt Group",
            "Unit": null,
            "Segment": null,
            "CYTDTotalForecastNewBusiness": 0,
            "PYTDTotalForecastNewBusiness": 0,
            "CYTDTotalBound": 0,
            "PYTDTotalBound": 0,
            "CYTDTotalSubmission": 0,
            "PYTDTotalSubmission": 0,
            "CYTDTotalTargetNotSubmitted": 3505067,
            "CYTDTotalQuote": 4,
            "PYTDTotalQuote": 2,
            "CYTDTotalQuoteRejects": 900350
        },
        {
            "Company": "Commercial Insurance Division",
            "Division": "Specialty Casualty & Construction",
            "Unit": null,
            "Segment": null,
            "CYTDTotalForecastNewBusiness": 0,
            "PYTDTotalForecastNewBusiness": 0,
            "CYTDTotalBound": 0,
            "PYTDTotalBound": 0,
            "CYTDTotalSubmission": 6,
            "PYTDTotalSubmission": 0,
            "CYTDTotalTargetNotSubmitted": 0,
            "CYTDTotalQuote": 2,
            "PYTDTotalQuote": 0,
            "CYTDTotalQuoteRejects": 0
        },
        {
            "Company": "Small Retail Division",
            "Division": "Specialty Lines",
            "Unit": null,
            "Segment": null,
            "CYTDTotalForecastNewBusiness": 46397,
            "PYTDTotalForecastNewBusiness": 0,
            "CYTDTotalBound": 27,
            "PYTDTotalBound": 0,
            "CYTDTotalSubmission": 7,
            "PYTDTotalSubmission": 8,
            "CYTDTotalTargetNotSubmitted": 0,
            "CYTDTotalQuote": 11,
            "PYTDTotalQuote": 1,
            "CYTDTotalQuoteRejects": 0
        },
        {
            "Company": "Major Accounts Division",
            "Division": "Surety - Major",
            "Unit": null,
            "Segment": null,
            "CYTDTotalForecastNewBusiness": 185492,
            "PYTDTotalForecastNewBusiness": 35973,
            "CYTDTotalBound": 10,
            "PYTDTotalBound": 4,
            "CYTDTotalSubmission": 0,
            "PYTDTotalSubmission": 0,
            "CYTDTotalTargetNotSubmitted": 0,
            "CYTDTotalQuote": 0,
            "PYTDTotalQuote": 0,
            "CYTDTotalQuoteRejects": 0
        },
        {
            "Company": "Wholesale/Excess & Surplus Division",
            "Division": "Wholesale-Professional",
            "Unit": null,
            "Segment": null,
            "CYTDTotalForecastNewBusiness": 1687447,
            "PYTDTotalForecastNewBusiness": 2055701,
            "CYTDTotalBound": 65,
            "PYTDTotalBound": 153,
            "CYTDTotalSubmission": 32,
            "PYTDTotalSubmission": 4,
            "CYTDTotalTargetNotSubmitted": 0,
            "CYTDTotalQuote": 172,
            "PYTDTotalQuote": 110,
            "CYTDTotalQuoteRejects": 1031537
        },
        {
            "Company": "DivisionTotal",
            "Division": null,
            "Unit": null,
            "Segment": null,
            "CYTDTotalForecastNewBusiness": 20994304,
            "PYTDTotalForecastNewBusiness": 2651485,
            "CYTDTotalBound": 237,
            "PYTDTotalBound": 201,
            "CYTDTotalSubmission": 127,
            "PYTDTotalSubmission": 23,
            "CYTDTotalTargetNotSubmitted": 4360568,
            "CYTDTotalQuote": 278,
            "PYTDTotalQuote": 183,
            "CYTDTotalQuoteRejects": 2875538
        },
        {
            "Company": null,
            "Division": null,
            "Unit": null,
            "Segment": null,
            "CYTDTotalForecastNewBusiness": 0,
            "PYTDTotalForecastNewBusiness": 143820,
            "CYTDTotalBound": 0,
            "PYTDTotalBound": 6,
            "CYTDTotalSubmission": 0,
            "PYTDTotalSubmission": 4,
            "CYTDTotalTargetNotSubmitted": 0,
            "CYTDTotalQuote": 0,
            "PYTDTotalQuote": 3,
            "CYTDTotalQuoteRejects": 0
        },
        {
            "Company": "Commercial Insurance Division",
            "Division": "A&H - Commercial",
            "Unit": "A&H",
            "Segment": null,
            "CYTDTotalForecastNewBusiness": 0,
            "PYTDTotalForecastNewBusiness": 0,
            "CYTDTotalBound": 0,
            "PYTDTotalBound": 0,
            "CYTDTotalSubmission": 0,
            "PYTDTotalSubmission": 0,
            "CYTDTotalTargetNotSubmitted": 0,
            "CYTDTotalQuote": 1,
            "PYTDTotalQuote": 0,
            "CYTDTotalQuoteRejects": 0
        },
        {
            "Company": "Commercial Insurance Division",
            "Division": "A&H - Commercial",
            "Unit": "Retail Business",
            "Segment": null,
            "CYTDTotalForecastNewBusiness": 0,
            "PYTDTotalForecastNewBusiness": 16912,
            "CYTDTotalBound": 0,
            "PYTDTotalBound": 4,
            "CYTDTotalSubmission": 0,
            "PYTDTotalSubmission": 0,
            "CYTDTotalTargetNotSubmitted": 0,
            "CYTDTotalQuote": 1,
            "PYTDTotalQuote": 1,
            "CYTDTotalQuoteRejects": 0
        },
        {
            "Company": "Commercial Insurance Division",
            "Division": "Aerospace",
            "Unit": "Aerospace",
            "Segment": null,
            "CYTDTotalForecastNewBusiness": 3542,
            "PYTDTotalForecastNewBusiness": 0,
            "CYTDTotalBound": 1,
            "PYTDTotalBound": 0,
            "CYTDTotalSubmission": 2,
            "PYTDTotalSubmission": 0,
            "CYTDTotalTargetNotSubmitted": 0,
            "CYTDTotalQuote": 2,
            "PYTDTotalQuote": 0,
            "CYTDTotalQuoteRejects": 0
        },
        {
            "Company": "Commercial Insurance Division",
            "Division": "Canada P&C - Commercial",
            "Unit": "Canada Casualty",
            "Segment": null,
            "CYTDTotalForecastNewBusiness": 0,
            "PYTDTotalForecastNewBusiness": 0,
            "CYTDTotalBound": 0,
            "PYTDTotalBound": 0,
            "CYTDTotalSubmission": 0,
            "PYTDTotalSubmission": 0,
            "CYTDTotalTargetNotSubmitted": 0,
            "CYTDTotalQuote": 2,
            "PYTDTotalQuote": 0,
            "CYTDTotalQuoteRejects": 0
        },
        {
            "Company": "Commercial Insurance Division",
            "Division": "Chubb Commercial Insurance Division",
            "Unit": "Chubb Commercial Insurance Division",
            "Segment": null,
            "CYTDTotalForecastNewBusiness": 11700,
            "PYTDTotalForecastNewBusiness": 58606,
            "CYTDTotalBound": 2,
            "PYTDTotalBound": 10,
            "CYTDTotalSubmission": 21,
            "PYTDTotalSubmission": 2,
            "CYTDTotalTargetNotSubmitted": 720501,
            "CYTDTotalQuote": 22,
            "PYTDTotalQuote": 26,
            "CYTDTotalQuoteRejects": 372233
        },
        {
            "Company": "Commercial Insurance Division",
            "Division": "Environmental - Commercial",
            "Unit": "Environmental",
            "Segment": null,
            "CYTDTotalForecastNewBusiness": 1349,
            "PYTDTotalForecastNewBusiness": 472,
            "CYTDTotalBound": 3,
            "PYTDTotalBound": 1,
            "CYTDTotalSubmission": 0,
            "PYTDTotalSubmission": 0,
            "CYTDTotalTargetNotSubmitted": 0,
            "CYTDTotalQuote": 2,
            "PYTDTotalQuote": 1,
            "CYTDTotalQuoteRejects": 0
        },
        {
            "Company": "Commercial Insurance Division",
            "Division": "Excess-Casualty - Commercial",
            "Unit": "Excess-Casualty",
            "Segment": null,
            "CYTDTotalForecastNewBusiness": 0,
            "PYTDTotalForecastNewBusiness": 30104,
            "CYTDTotalBound": 0,
            "PYTDTotalBound": 4,
            "CYTDTotalSubmission": 2,
            "PYTDTotalSubmission": 1,
            "CYTDTotalTargetNotSubmitted": 0,
            "CYTDTotalQuote": 5,
            "PYTDTotalQuote": 2,
            "CYTDTotalQuoteRejects": 6418
        },
        {
            "Company": "Commercial Insurance Division",
            "Division": "Multinational Casualty - Commercial",
            "Unit": "Advantage",
            "Segment": null,
            "CYTDTotalForecastNewBusiness": 0,
            "PYTDTotalForecastNewBusiness": 11583,
            "CYTDTotalBound": 0,
            "PYTDTotalBound": 2,
            "CYTDTotalSubmission": 3,
            "PYTDTotalSubmission": 0,
            "CYTDTotalTargetNotSubmitted": 0,
            "CYTDTotalQuote": 3,
            "PYTDTotalQuote": 0,
            "CYTDTotalQuoteRejects": 0
        },
        {
            "Company": "Commercial Insurance Division",
            "Division": "Professional-Risk - Commercial",
            "Unit": "Chubb Commercial Insurance Division",
            "Segment": null,
            "CYTDTotalForecastNewBusiness": 0,
            "PYTDTotalForecastNewBusiness": 37856,
            "CYTDTotalBound": 0,
            "PYTDTotalBound": 8,
            "CYTDTotalSubmission": 18,
            "PYTDTotalSubmission": 2,
            "CYTDTotalTargetNotSubmitted": 35000,
            "CYTDTotalQuote": 21,
            "PYTDTotalQuote": 20,
            "CYTDTotalQuoteRejects": 0
        },
        {
            "Company": "Commercial Insurance Division",
            "Division": "Professional-Risk - Commercial",
            "Unit": "Professional and Management Liability",
            "Segment": null,
            "CYTDTotalForecastNewBusiness": 18691370,
            "PYTDTotalForecastNewBusiness": 0,
            "CYTDTotalBound": 28,
            "PYTDTotalBound": 0,
            "CYTDTotalSubmission": 7,
            "PYTDTotalSubmission": 0,
            "CYTDTotalTargetNotSubmitted": 0,
            "CYTDTotalQuote": 2,
            "PYTDTotalQuote": 3,
            "CYTDTotalQuoteRejects": 0
        },
        {
            "Company": "Commercial Insurance Division",
            "Division": "Property & Specialty - Commercial",
            "Unit": "Commercial Marine",
            "Segment": null,
            "CYTDTotalForecastNewBusiness": 0,
            "PYTDTotalForecastNewBusiness": 0,
            "CYTDTotalBound": 0,
            "PYTDTotalBound": 0,
            "CYTDTotalSubmission": 1,
            "PYTDTotalSubmission": 0,
            "CYTDTotalTargetNotSubmitted": 0,
            "CYTDTotalQuote": 0,
            "PYTDTotalQuote": 0,
            "CYTDTotalQuoteRejects": 0
        },
        {
            "Company": "Commercial Insurance Division",
            "Division": "Property & Specialty - Commercial",
            "Unit": "Inland Marine",
            "Segment": null,
            "CYTDTotalForecastNewBusiness": 0,
            "PYTDTotalForecastNewBusiness": 0,
            "CYTDTotalBound": 0,
            "PYTDTotalBound": 0,
            "CYTDTotalSubmission": 0,
            "PYTDTotalSubmission": 0,
            "CYTDTotalTargetNotSubmitted": 0,
            "CYTDTotalQuote": 3,
            "PYTDTotalQuote": 3,
            "CYTDTotalQuoteRejects": 0
        },
        {
            "Company": "Commercial Insurance Division",
            "Division": "Property & Specialty - Commercial",
            "Unit": "Property",
            "Segment": null,
            "CYTDTotalForecastNewBusiness": 0,
            "PYTDTotalForecastNewBusiness": 59,
            "CYTDTotalBound": 0,
            "PYTDTotalBound": 1,
            "CYTDTotalSubmission": 4,
            "PYTDTotalSubmission": 0,
            "CYTDTotalTargetNotSubmitted": 0,
            "CYTDTotalQuote": 6,
            "PYTDTotalQuote": 5,
            "CYTDTotalQuoteRejects": 0
        },
        {
            "Company": "Commercial Insurance Division",
            "Division": "Specialty Casualty & Construction",
            "Unit": "Retail Primary",
            "Segment": null,
            "CYTDTotalForecastNewBusiness": 0,
            "PYTDTotalForecastNewBusiness": 0,
            "CYTDTotalBound": 0,
            "PYTDTotalBound": 0,
            "CYTDTotalSubmission": 5,
            "PYTDTotalSubmission": 0,
            "CYTDTotalTargetNotSubmitted": 0,
            "CYTDTotalQuote": 2,
            "PYTDTotalQuote": 0,
            "CYTDTotalQuoteRejects": 0
        },
        {
            "Company": "Commercial Insurance Division",
            "Division": "Specialty Casualty & Construction",
            "Unit": "Retail Umbrella",
            "Segment": null,
            "CYTDTotalForecastNewBusiness": 0,
            "PYTDTotalForecastNewBusiness": 0,
            "CYTDTotalBound": 0,
            "PYTDTotalBound": 0,
            "CYTDTotalSubmission": 1,
            "PYTDTotalSubmission": 0,
            "CYTDTotalTargetNotSubmitted": 0,
            "CYTDTotalQuote": 0,
            "PYTDTotalQuote": 0,
            "CYTDTotalQuoteRejects": 0
        },
        {
            "Company": "Major Accounts Division",
            "Division": "Chubb Major Accounts Division",
            "Unit": "Chubb Major Accounts Division",
            "Segment": null,
            "CYTDTotalForecastNewBusiness": 0,
            "PYTDTotalForecastNewBusiness": 0,
            "CYTDTotalBound": 1,
            "PYTDTotalBound": 0,
            "CYTDTotalSubmission": 0,
            "PYTDTotalSubmission": 0,
            "CYTDTotalTargetNotSubmitted": 0,
            "CYTDTotalQuote": 0,
            "PYTDTotalQuote": 0,
            "CYTDTotalQuoteRejects": 0
        },
        {
            "Company": "Major Accounts Division",
            "Division": "Environmental - Major",
            "Unit": "Environmental",
            "Segment": null,
            "CYTDTotalForecastNewBusiness": 0,
            "PYTDTotalForecastNewBusiness": 0,
            "CYTDTotalBound": 0,
            "PYTDTotalBound": 0,
            "CYTDTotalSubmission": 0,
            "PYTDTotalSubmission": 0,
            "CYTDTotalTargetNotSubmitted": 0,
            "CYTDTotalQuote": 1,
            "PYTDTotalQuote": 0,
            "CYTDTotalQuoteRejects": 0
        },
        {
            "Company": "Major Accounts Division",
            "Division": "Excess-Casualty - Major",
            "Unit": "Chubb Excess",
            "Segment": null,
            "CYTDTotalForecastNewBusiness": 0,
            "PYTDTotalForecastNewBusiness": 0,
            "CYTDTotalBound": 0,
            "PYTDTotalBound": 0,
            "CYTDTotalSubmission": 0,
            "PYTDTotalSubmission": 0,
            "CYTDTotalTargetNotSubmitted": 0,
            "CYTDTotalQuote": 0,
            "PYTDTotalQuote": 0,
            "CYTDTotalQuoteRejects": 0
        },
        {
            "Company": "Major Accounts Division",
            "Division": "Excess-Casualty - Major",
            "Unit": "Excess-Casualty",
            "Segment": null,
            "CYTDTotalForecastNewBusiness": 0,
            "PYTDTotalForecastNewBusiness": 0,
            "CYTDTotalBound": 0,
            "PYTDTotalBound": 0,
            "CYTDTotalSubmission": 0,
            "PYTDTotalSubmission": 0,
            "CYTDTotalTargetNotSubmitted": 100000,
            "CYTDTotalQuote": 1,
            "PYTDTotalQuote": 0,
            "CYTDTotalQuoteRejects": 0
        },
        {
            "Company": "Major Accounts Division",
            "Division": "Foreign Casualty Group",
            "Unit": "USUS",
            "Segment": null,
            "CYTDTotalForecastNewBusiness": 1486,
            "PYTDTotalForecastNewBusiness": 255266,
            "CYTDTotalBound": 1,
            "PYTDTotalBound": 6,
            "CYTDTotalSubmission": 0,
            "PYTDTotalSubmission": 0,
            "CYTDTotalTargetNotSubmitted": 0,
            "CYTDTotalQuote": 0,
            "PYTDTotalQuote": 0,
            "CYTDTotalQuoteRejects": 0
        },
        {
            "Company": "Major Accounts Division",
            "Division": "Professional-Risk - Major",
            "Unit": "Chubb Major Accounts Division",
            "Segment": null,
            "CYTDTotalForecastNewBusiness": 0,
            "PYTDTotalForecastNewBusiness": 0,
            "CYTDTotalBound": 0,
            "PYTDTotalBound": 0,
            "CYTDTotalSubmission": 5,
            "PYTDTotalSubmission": 0,
            "CYTDTotalTargetNotSubmitted": 0,
            "CYTDTotalQuote": 1,
            "PYTDTotalQuote": 0,
            "CYTDTotalQuoteRejects": 0
        },
        {
            "Company": "Major Accounts Division",
            "Division": "Professional-Risk - Major",
            "Unit": "Professional and Management Liability",
            "Segment": null,
            "CYTDTotalForecastNewBusiness": 351243,
            "PYTDTotalForecastNewBusiness": 0,
            "CYTDTotalBound": 21,
            "PYTDTotalBound": 0,
            "CYTDTotalSubmission": 8,
            "PYTDTotalSubmission": 0,
            "CYTDTotalTargetNotSubmitted": 0,
            "CYTDTotalQuote": 7,
            "PYTDTotalQuote": 0,
            "CYTDTotalQuoteRejects": 0
        },
        {
            "Company": "Major Accounts Division",
            "Division": "Property & Specialty - Major",
            "Unit": "Property",
            "Segment": null,
            "CYTDTotalForecastNewBusiness": 0,
            "PYTDTotalForecastNewBusiness": 0,
            "CYTDTotalBound": 0,
            "PYTDTotalBound": 0,
            "CYTDTotalSubmission": 1,
            "PYTDTotalSubmission": 0,
            "CYTDTotalTargetNotSubmitted": 0,
            "CYTDTotalQuote": 1,
            "PYTDTotalQuote": 0,
            "CYTDTotalQuoteRejects": 565000
        },
        {
            "Company": "Major Accounts Division",
            "Division": "Real estate & Primary Cas.",
            "Unit": "Real Estate",
            "Segment": null,
            "CYTDTotalForecastNewBusiness": 0,
            "PYTDTotalForecastNewBusiness": 0,
            "CYTDTotalBound": 0,
            "PYTDTotalBound": 0,
            "CYTDTotalSubmission": 0,
            "PYTDTotalSubmission": 0,
            "CYTDTotalTargetNotSubmitted": 0,
            "CYTDTotalQuote": 0,
            "PYTDTotalQuote": 2,
            "CYTDTotalQuoteRejects": 0
        },
        {
            "Company": "Major Accounts Division",
            "Division": "Risk Mgmt Group",
            "Unit": "Chubb Major Cas. Runoff",
            "Segment": null,
            "CYTDTotalForecastNewBusiness": 0,
            "PYTDTotalForecastNewBusiness": 0,
            "CYTDTotalBound": 0,
            "PYTDTotalBound": 0,
            "CYTDTotalSubmission": 0,
            "PYTDTotalSubmission": 0,
            "CYTDTotalTargetNotSubmitted": 0,
            "CYTDTotalQuote": 3,
            "PYTDTotalQuote": 0,
            "CYTDTotalQuoteRejects": 0
        },
        {
            "Company": "Major Accounts Division",
            "Division": "Risk Mgmt Group",
            "Unit": "Risk Mgmt",
            "Segment": null,
            "CYTDTotalForecastNewBusiness": 0,
            "PYTDTotalForecastNewBusiness": 0,
            "CYTDTotalBound": 0,
            "PYTDTotalBound": 0,
            "CYTDTotalSubmission": 0,
            "PYTDTotalSubmission": 0,
            "CYTDTotalTargetNotSubmitted": 3505067,
            "CYTDTotalQuote": 1,
            "PYTDTotalQuote": 2,
            "CYTDTotalQuoteRejects": 900350
        },
        {
            "Company": "Major Accounts Division",
            "Division": "Surety - Major",
            "Unit": "Surety Commercial",
            "Segment": null,
            "CYTDTotalForecastNewBusiness": 1850,
            "PYTDTotalForecastNewBusiness": 35973,
            "CYTDTotalBound": 3,
            "PYTDTotalBound": 4,
            "CYTDTotalSubmission": 0,
            "PYTDTotalSubmission": 0,
            "CYTDTotalTargetNotSubmitted": 0,
            "CYTDTotalQuote": 0,
            "PYTDTotalQuote": 0,
            "CYTDTotalQuoteRejects": 0
        },
        {
            "Company": "Major Accounts Division",
            "Division": "Surety - Major",
            "Unit": "Surety Construction",
            "Segment": null,
            "CYTDTotalForecastNewBusiness": 183642,
            "PYTDTotalForecastNewBusiness": 0,
            "CYTDTotalBound": 7,
            "PYTDTotalBound": 0,
            "CYTDTotalSubmission": 0,
            "PYTDTotalSubmission": 0,
            "CYTDTotalTargetNotSubmitted": 0,
            "CYTDTotalQuote": 0,
            "PYTDTotalQuote": 0,
            "CYTDTotalQuoteRejects": 0
        },
        {
            "Company": "Small Retail Division",
            "Division": "Chubb Small Commercial",
            "Unit": "Chubb Small Commercial",
            "Segment": null,
            "CYTDTotalForecastNewBusiness": 0,
            "PYTDTotalForecastNewBusiness": 0,
            "CYTDTotalBound": 0,
            "PYTDTotalBound": 0,
            "CYTDTotalSubmission": 1,
            "PYTDTotalSubmission": 0,
            "CYTDTotalTargetNotSubmitted": 0,
            "CYTDTotalQuote": 0,
            "PYTDTotalQuote": 0,
            "CYTDTotalQuoteRejects": 0
        },
        {
            "Company": "Small Retail Division",
            "Division": "Professional-Risk - Small Retail",
            "Unit": "Chubb Small Commercial",
            "Segment": null,
            "CYTDTotalForecastNewBusiness": 0,
            "PYTDTotalForecastNewBusiness": 5133,
            "CYTDTotalBound": 0,
            "PYTDTotalBound": 2,
            "CYTDTotalSubmission": 3,
            "PYTDTotalSubmission": 2,
            "CYTDTotalTargetNotSubmitted": 0,
            "CYTDTotalQuote": 4,
            "PYTDTotalQuote": 4,
            "CYTDTotalQuoteRejects": 0
        },
        {
            "Company": "Small Retail Division",
            "Division": "Professional-Risk - Small Retail",
            "Unit": "Professional and Management Liability",
            "Segment": null,
            "CYTDTotalForecastNewBusiness": 14278,
            "PYTDTotalForecastNewBusiness": 0,
            "CYTDTotalBound": 78,
            "PYTDTotalBound": 0,
            "CYTDTotalSubmission": 6,
            "PYTDTotalSubmission": 0,
            "CYTDTotalTargetNotSubmitted": 0,
            "CYTDTotalQuote": 4,
            "PYTDTotalQuote": 0,
            "CYTDTotalQuoteRejects": 0
        },
        {
            "Company": "Small Retail Division",
            "Division": "Specialty Lines",
            "Unit": "P&C",
            "Segment": null,
            "CYTDTotalForecastNewBusiness": 46397,
            "PYTDTotalForecastNewBusiness": 0,
            "CYTDTotalBound": 27,
            "PYTDTotalBound": 0,
            "CYTDTotalSubmission": 7,
            "PYTDTotalSubmission": 8,
            "CYTDTotalTargetNotSubmitted": 0,
            "CYTDTotalQuote": 11,
            "PYTDTotalQuote": 1,
            "CYTDTotalQuoteRejects": 0
        },
        {
            "Company": "Wholesale/Excess & Surplus Division",
            "Division": "Wholesale-Professional",
            "Unit": "Chubb Wholesale-Management",
            "Segment": null,
            "CYTDTotalForecastNewBusiness": 0,
            "PYTDTotalForecastNewBusiness": 14792,
            "CYTDTotalBound": 0,
            "PYTDTotalBound": 5,
            "CYTDTotalSubmission": 19,
            "PYTDTotalSubmission": 0,
            "CYTDTotalTargetNotSubmitted": 0,
            "CYTDTotalQuote": 20,
            "PYTDTotalQuote": 5,
            "CYTDTotalQuoteRejects": 0
        },
        {
            "Company": "Wholesale/Excess & Surplus Division",
            "Division": "Wholesale-Professional",
            "Unit": "Chubb Wholesale-Professional",
            "Segment": null,
            "CYTDTotalForecastNewBusiness": 0,
            "PYTDTotalForecastNewBusiness": 0,
            "CYTDTotalBound": 0,
            "PYTDTotalBound": 0,
            "CYTDTotalSubmission": 1,
            "PYTDTotalSubmission": 0,
            "CYTDTotalTargetNotSubmitted": 0,
            "CYTDTotalQuote": 0,
            "PYTDTotalQuote": 1,
            "CYTDTotalQuoteRejects": 0
        },
        {
            "Company": "Wholesale/Excess & Surplus Division",
            "Division": "Wholesale-Professional",
            "Unit": "Wholesale-Management",
            "Segment": null,
            "CYTDTotalForecastNewBusiness": 1680383,
            "PYTDTotalForecastNewBusiness": 1883394,
            "CYTDTotalBound": 61,
            "PYTDTotalBound": 144,
            "CYTDTotalSubmission": 9,
            "PYTDTotalSubmission": 4,
            "CYTDTotalTargetNotSubmitted": 0,
            "CYTDTotalQuote": 150,
            "PYTDTotalQuote": 98,
            "CYTDTotalQuoteRejects": 1031537
        },
        {
            "Company": "Wholesale/Excess & Surplus Division",
            "Division": "Wholesale-Professional",
            "Unit": "Wholesale-Professional",
            "Segment": null,
            "CYTDTotalForecastNewBusiness": 7064,
            "PYTDTotalForecastNewBusiness": 157515,
            "CYTDTotalBound": 4,
            "PYTDTotalBound": 4,
            "CYTDTotalSubmission": 3,
            "PYTDTotalSubmission": 0,
            "CYTDTotalTargetNotSubmitted": 0,
            "CYTDTotalQuote": 2,
            "PYTDTotalQuote": 6,
            "CYTDTotalQuoteRejects": 0
        },
        {
            "Company": "UnitTotal",
            "Division": null,
            "Unit": null,
            "Segment": null,
            "CYTDTotalForecastNewBusiness": 20994304,
            "PYTDTotalForecastNewBusiness": 2651485,
            "CYTDTotalBound": 237,
            "PYTDTotalBound": 201,
            "CYTDTotalSubmission": 127,
            "PYTDTotalSubmission": 23,
            "CYTDTotalTargetNotSubmitted": 4360568,
            "CYTDTotalQuote": 278,
            "PYTDTotalQuote": 183,
            "CYTDTotalQuoteRejects": 2875538
        },
        {
            "Company": null,
            "Division": null,
            "Unit": null,
            "Segment": null,
            "CYTDTotalForecastNewBusiness": 0,
            "PYTDTotalForecastNewBusiness": 143820,
            "CYTDTotalBound": 0,
            "PYTDTotalBound": 6,
            "CYTDTotalSubmission": 0,
            "PYTDTotalSubmission": 4,
            "CYTDTotalTargetNotSubmitted": 0,
            "CYTDTotalQuote": 0,
            "PYTDTotalQuote": 3,
            "CYTDTotalQuoteRejects": 0
        },
        {
            "Company": "Commercial Insurance Division",
            "Division": "A&H - Commercial",
            "Unit": "A&H",
            "Segment": "A&H - Middle Market",
            "CYTDTotalForecastNewBusiness": 0,
            "PYTDTotalForecastNewBusiness": 0,
            "CYTDTotalBound": 0,
            "PYTDTotalBound": 0,
            "CYTDTotalSubmission": 0,
            "PYTDTotalSubmission": 0,
            "CYTDTotalTargetNotSubmitted": 0,
            "CYTDTotalQuote": 1,
            "PYTDTotalQuote": 0,
            "CYTDTotalQuoteRejects": 0
        },
        {
            "Company": "Commercial Insurance Division",
            "Division": "A&H - Commercial",
            "Unit": "Retail Business",
            "Segment": "Employee Benefits",
            "CYTDTotalForecastNewBusiness": 0,
            "PYTDTotalForecastNewBusiness": 16912,
            "CYTDTotalBound": 0,
            "PYTDTotalBound": 4,
            "CYTDTotalSubmission": 0,
            "PYTDTotalSubmission": 0,
            "CYTDTotalTargetNotSubmitted": 0,
            "CYTDTotalQuote": 1,
            "PYTDTotalQuote": 1,
            "CYTDTotalQuoteRejects": 0
        },
        {
            "Company": "Commercial Insurance Division",
            "Division": "Aerospace",
            "Unit": "Aerospace",
            "Segment": "Aerospace",
            "CYTDTotalForecastNewBusiness": 3542,
            "PYTDTotalForecastNewBusiness": 0,
            "CYTDTotalBound": 1,
            "PYTDTotalBound": 0,
            "CYTDTotalSubmission": 2,
            "PYTDTotalSubmission": 0,
            "CYTDTotalTargetNotSubmitted": 0,
            "CYTDTotalQuote": 2,
            "PYTDTotalQuote": 0,
            "CYTDTotalQuoteRejects": 0
        },
        {
            "Company": "Commercial Insurance Division",
            "Division": "Canada P&C - Commercial",
            "Unit": "Canada Casualty",
            "Segment": "Commercial - Casualty",
            "CYTDTotalForecastNewBusiness": 0,
            "PYTDTotalForecastNewBusiness": 0,
            "CYTDTotalBound": 0,
            "PYTDTotalBound": 0,
            "CYTDTotalSubmission": 0,
            "PYTDTotalSubmission": 0,
            "CYTDTotalTargetNotSubmitted": 0,
            "CYTDTotalQuote": 2,
            "PYTDTotalQuote": 0,
            "CYTDTotalQuoteRejects": 0
        },
        {
            "Company": "Commercial Insurance Division",
            "Division": "Chubb Commercial Insurance Division",
            "Unit": "Chubb Commercial Insurance Division",
            "Segment": "Chubb Auto GL",
            "CYTDTotalForecastNewBusiness": 0,
            "PYTDTotalForecastNewBusiness": 963,
            "CYTDTotalBound": 0,
            "PYTDTotalBound": 1,
            "CYTDTotalSubmission": 3,
            "PYTDTotalSubmission": 0,
            "CYTDTotalTargetNotSubmitted": 0,
            "CYTDTotalQuote": 7,
            "PYTDTotalQuote": 5,
            "CYTDTotalQuoteRejects": 103993
        },
        {
            "Company": "Commercial Insurance Division",
            "Division": "Chubb Commercial Insurance Division",
            "Unit": "Chubb Commercial Insurance Division",
            "Segment": "Chubb Casualty",
            "CYTDTotalForecastNewBusiness": 0,
            "PYTDTotalForecastNewBusiness": 9138,
            "CYTDTotalBound": 0,
            "PYTDTotalBound": 4,
            "CYTDTotalSubmission": 8,
            "PYTDTotalSubmission": 2,
            "CYTDTotalTargetNotSubmitted": 320501,
            "CYTDTotalQuote": 2,
            "PYTDTotalQuote": 16,
            "CYTDTotalQuoteRejects": 0
        },
        {
            "Company": "Commercial Insurance Division",
            "Division": "Chubb Commercial Insurance Division",
            "Unit": "Chubb Commercial Insurance Division",
            "Segment": "Chubb Financial Lines",
            "CYTDTotalForecastNewBusiness": 0,
            "PYTDTotalForecastNewBusiness": 0,
            "CYTDTotalBound": 0,
            "PYTDTotalBound": 0,
            "CYTDTotalSubmission": 1,
            "PYTDTotalSubmission": 0,
            "CYTDTotalTargetNotSubmitted": 0,
            "CYTDTotalQuote": 0,
            "PYTDTotalQuote": 0,
            "CYTDTotalQuoteRejects": 0
        },
        {
            "Company": "Commercial Insurance Division",
            "Division": "Chubb Commercial Insurance Division",
            "Unit": "Chubb Commercial Insurance Division",
            "Segment": "Chubb GL",
            "CYTDTotalForecastNewBusiness": 7000,
            "PYTDTotalForecastNewBusiness": 41352,
            "CYTDTotalBound": 1,
            "PYTDTotalBound": 3,
            "CYTDTotalSubmission": 1,
            "PYTDTotalSubmission": 0,
            "CYTDTotalTargetNotSubmitted": 0,
            "CYTDTotalQuote": 2,
            "PYTDTotalQuote": 1,
            "CYTDTotalQuoteRejects": 0
        },
        {
            "Company": "Commercial Insurance Division",
            "Division": "Chubb Commercial Insurance Division",
            "Unit": "Chubb Commercial Insurance Division",
            "Segment": "Chubb Marine",
            "CYTDTotalForecastNewBusiness": 0,
            "PYTDTotalForecastNewBusiness": 0,
            "CYTDTotalBound": 0,
            "PYTDTotalBound": 0,
            "CYTDTotalSubmission": 2,
            "PYTDTotalSubmission": 0,
            "CYTDTotalTargetNotSubmitted": 0,
            "CYTDTotalQuote": 0,
            "PYTDTotalQuote": 0,
            "CYTDTotalQuoteRejects": 0
        },
        {
            "Company": "Commercial Insurance Division",
            "Division": "Chubb Commercial Insurance Division",
            "Unit": "Chubb Commercial Insurance Division",
            "Segment": "Chubb Package Property",
            "CYTDTotalForecastNewBusiness": 4700,
            "PYTDTotalForecastNewBusiness": 7153,
            "CYTDTotalBound": 1,
            "PYTDTotalBound": 2,
            "CYTDTotalSubmission": 4,
            "PYTDTotalSubmission": 0,
            "CYTDTotalTargetNotSubmitted": 100000,
            "CYTDTotalQuote": 5,
            "PYTDTotalQuote": 3,
            "CYTDTotalQuoteRejects": 99464
        },
        {
            "Company": "Commercial Insurance Division",
            "Division": "Chubb Commercial Insurance Division",
            "Unit": "Chubb Commercial Insurance Division",
            "Segment": "Chubb Property",
            "CYTDTotalForecastNewBusiness": 0,
            "PYTDTotalForecastNewBusiness": 0,
            "CYTDTotalBound": 0,
            "PYTDTotalBound": 0,
            "CYTDTotalSubmission": 0,
            "PYTDTotalSubmission": 0,
            "CYTDTotalTargetNotSubmitted": 300000,
            "CYTDTotalQuote": 0,
            "PYTDTotalQuote": 0,
            "CYTDTotalQuoteRejects": 0
        },
        {
            "Company": "Commercial Insurance Division",
            "Division": "Chubb Commercial Insurance Division",
            "Unit": "Chubb Commercial Insurance Division",
            "Segment": "Chubb WC",
            "CYTDTotalForecastNewBusiness": 0,
            "PYTDTotalForecastNewBusiness": 0,
            "CYTDTotalBound": 0,
            "PYTDTotalBound": 0,
            "CYTDTotalSubmission": 2,
            "PYTDTotalSubmission": 0,
            "CYTDTotalTargetNotSubmitted": 0,
            "CYTDTotalQuote": 6,
            "PYTDTotalQuote": 1,
            "CYTDTotalQuoteRejects": 168776
        },
        {
            "Company": "Commercial Insurance Division",
            "Division": "Environmental - Commercial",
            "Unit": "Environmental",
            "Segment": "Commercial - CPL",
            "CYTDTotalForecastNewBusiness": 0,
            "PYTDTotalForecastNewBusiness": 0,
            "CYTDTotalBound": 0,
            "PYTDTotalBound": 0,
            "CYTDTotalSubmission": 0,
            "PYTDTotalSubmission": 0,
            "CYTDTotalTargetNotSubmitted": 0,
            "CYTDTotalQuote": 2,
            "PYTDTotalQuote": 1,
            "CYTDTotalQuoteRejects": 0
        },
        {
            "Company": "Commercial Insurance Division",
            "Division": "Environmental - Commercial",
            "Unit": "Environmental",
            "Segment": "Commercial - Tanks",
            "CYTDTotalForecastNewBusiness": 1349,
            "PYTDTotalForecastNewBusiness": 472,
            "CYTDTotalBound": 3,
            "PYTDTotalBound": 1,
            "CYTDTotalSubmission": 0,
            "PYTDTotalSubmission": 0,
            "CYTDTotalTargetNotSubmitted": 0,
            "CYTDTotalQuote": 0,
            "PYTDTotalQuote": 0,
            "CYTDTotalQuoteRejects": 0
        },
        {
            "Company": "Commercial Insurance Division",
            "Division": "Excess-Casualty - Commercial",
            "Unit": "Excess-Casualty",
            "Segment": "Commercial - Corporate Risk",
            "CYTDTotalForecastNewBusiness": 0,
            "PYTDTotalForecastNewBusiness": 0,
            "CYTDTotalBound": 0,
            "PYTDTotalBound": 0,
            "CYTDTotalSubmission": 0,
            "PYTDTotalSubmission": 0,
            "CYTDTotalTargetNotSubmitted": 0,
            "CYTDTotalQuote": 1,
            "PYTDTotalQuote": 0,
            "CYTDTotalQuoteRejects": 6418
        },
        {
            "Company": "Commercial Insurance Division",
            "Division": "Excess-Casualty - Commercial",
            "Unit": "Excess-Casualty",
            "Segment": "Middle Market",
            "CYTDTotalForecastNewBusiness": 0,
            "PYTDTotalForecastNewBusiness": 30104,
            "CYTDTotalBound": 0,
            "PYTDTotalBound": 4,
            "CYTDTotalSubmission": 2,
            "PYTDTotalSubmission": 1,
            "CYTDTotalTargetNotSubmitted": 0,
            "CYTDTotalQuote": 4,
            "PYTDTotalQuote": 2,
            "CYTDTotalQuoteRejects": 0
        },
        {
            "Company": "Commercial Insurance Division",
            "Division": "Multinational Casualty - Commercial",
            "Unit": "Advantage",
            "Segment": "Commercial - Express",
            "CYTDTotalForecastNewBusiness": 0,
            "PYTDTotalForecastNewBusiness": 0,
            "CYTDTotalBound": 0,
            "PYTDTotalBound": 0,
            "CYTDTotalSubmission": 2,
            "PYTDTotalSubmission": 0,
            "CYTDTotalTargetNotSubmitted": 0,
            "CYTDTotalQuote": 3,
            "PYTDTotalQuote": 0,
            "CYTDTotalQuoteRejects": 0
        },
        {
            "Company": "Commercial Insurance Division",
            "Division": "Multinational Casualty - Commercial",
            "Unit": "Advantage",
            "Segment": "Commercial - Package",
            "CYTDTotalForecastNewBusiness": 0,
            "PYTDTotalForecastNewBusiness": 11583,
            "CYTDTotalBound": 0,
            "PYTDTotalBound": 2,
            "CYTDTotalSubmission": 1,
            "PYTDTotalSubmission": 0,
            "CYTDTotalTargetNotSubmitted": 0,
            "CYTDTotalQuote": 0,
            "PYTDTotalQuote": 0,
            "CYTDTotalQuoteRejects": 0
        },
        {
            "Company": "Commercial Insurance Division",
            "Division": "Professional-Risk - Commercial",
            "Unit": "Chubb Commercial Insurance Division",
            "Segment": "Commercial - Cyber",
            "CYTDTotalForecastNewBusiness": 0,
            "PYTDTotalForecastNewBusiness": 0,
            "CYTDTotalBound": 0,
            "PYTDTotalBound": 0,
            "CYTDTotalSubmission": 4,
            "PYTDTotalSubmission": 2,
            "CYTDTotalTargetNotSubmitted": 0,
            "CYTDTotalQuote": 2,
            "PYTDTotalQuote": 0,
            "CYTDTotalQuoteRejects": 0
        },
        {
            "Company": "Commercial Insurance Division",
            "Division": "Professional-Risk - Commercial",
            "Unit": "Chubb Commercial Insurance Division",
            "Segment": "Commercial - Management Liability",
            "CYTDTotalForecastNewBusiness": 0,
            "PYTDTotalForecastNewBusiness": 0,
            "CYTDTotalBound": 0,
            "PYTDTotalBound": 0,
            "CYTDTotalSubmission": 0,
            "PYTDTotalSubmission": 0,
            "CYTDTotalTargetNotSubmitted": 0,
            "CYTDTotalQuote": 1,
            "PYTDTotalQuote": 0,
            "CYTDTotalQuoteRejects": 0
        },
        {
            "Company": "Commercial Insurance Division",
            "Division": "Professional-Risk - Commercial",
            "Unit": "Chubb Commercial Insurance Division",
            "Segment": "Commercial - Private Company/NFP",
            "CYTDTotalForecastNewBusiness": 0,
            "PYTDTotalForecastNewBusiness": 37856,
            "CYTDTotalBound": 0,
            "PYTDTotalBound": 8,
            "CYTDTotalSubmission": 10,
            "PYTDTotalSubmission": 0,
            "CYTDTotalTargetNotSubmitted": 35000,
            "CYTDTotalQuote": 18,
            "PYTDTotalQuote": 20,
            "CYTDTotalQuoteRejects": 0
        },
        {
            "Company": "Commercial Insurance Division",
            "Division": "Professional-Risk - Commercial",
            "Unit": "Chubb Commercial Insurance Division",
            "Segment": "Commercial - Professional Liability",
            "CYTDTotalForecastNewBusiness": 0,
            "PYTDTotalForecastNewBusiness": 0,
            "CYTDTotalBound": 0,
            "PYTDTotalBound": 0,
            "CYTDTotalSubmission": 4,
            "PYTDTotalSubmission": 0,
            "CYTDTotalTargetNotSubmitted": 0,
            "CYTDTotalQuote": 0,
            "PYTDTotalQuote": 0,
            "CYTDTotalQuoteRejects": 0
        },
        {
            "Company": "Commercial Insurance Division",
            "Division": "Professional-Risk - Commercial",
            "Unit": "Professional and Management Liability",
            "Segment": "Commercial - Cyber",
            "CYTDTotalForecastNewBusiness": 43471,
            "PYTDTotalForecastNewBusiness": 0,
            "CYTDTotalBound": 2,
            "PYTDTotalBound": 0,
            "CYTDTotalSubmission": 1,
            "PYTDTotalSubmission": 0,
            "CYTDTotalTargetNotSubmitted": 0,
            "CYTDTotalQuote": 1,
            "PYTDTotalQuote": 2,
            "CYTDTotalQuoteRejects": 0
        },
        {
            "Company": "Commercial Insurance Division",
            "Division": "Professional-Risk - Commercial",
            "Unit": "Professional and Management Liability",
            "Segment": "Commercial - Financial Institutions",
            "CYTDTotalForecastNewBusiness": 0,
            "PYTDTotalForecastNewBusiness": 0,
            "CYTDTotalBound": 0,
            "PYTDTotalBound": 0,
            "CYTDTotalSubmission": 3,
            "PYTDTotalSubmission": 0,
            "CYTDTotalTargetNotSubmitted": 0,
            "CYTDTotalQuote": 0,
            "PYTDTotalQuote": 0,
            "CYTDTotalQuoteRejects": 0
        },
        {
            "Company": "Commercial Insurance Division",
            "Division": "Professional-Risk - Commercial",
            "Unit": "Professional and Management Liability",
            "Segment": "Commercial - Private Company/NFP",
            "CYTDTotalForecastNewBusiness": 18626257,
            "PYTDTotalForecastNewBusiness": 0,
            "CYTDTotalBound": 24,
            "PYTDTotalBound": 0,
            "CYTDTotalSubmission": 3,
            "PYTDTotalSubmission": 0,
            "CYTDTotalTargetNotSubmitted": 0,
            "CYTDTotalQuote": 0,
            "PYTDTotalQuote": 1,
            "CYTDTotalQuoteRejects": 0
        },
        {
            "Company": "Commercial Insurance Division",
            "Division": "Professional-Risk - Commercial",
            "Unit": "Professional and Management Liability",
            "Segment": "Commercial - Professional Liability",
            "CYTDTotalForecastNewBusiness": 21642,
            "PYTDTotalForecastNewBusiness": 0,
            "CYTDTotalBound": 2,
            "PYTDTotalBound": 0,
            "CYTDTotalSubmission": 0,
            "PYTDTotalSubmission": 0,
            "CYTDTotalTargetNotSubmitted": 0,
            "CYTDTotalQuote": 1,
            "PYTDTotalQuote": 0,
            "CYTDTotalQuoteRejects": 0
        },
        {
            "Company": "Commercial Insurance Division",
            "Division": "Property & Specialty - Commercial",
            "Unit": "Commercial Marine",
            "Segment": "Commercial - Cargo",
            "CYTDTotalForecastNewBusiness": 0,
            "PYTDTotalForecastNewBusiness": 0,
            "CYTDTotalBound": 0,
            "PYTDTotalBound": 0,
            "CYTDTotalSubmission": 1,
            "PYTDTotalSubmission": 0,
            "CYTDTotalTargetNotSubmitted": 0,
            "CYTDTotalQuote": 0,
            "PYTDTotalQuote": 0,
            "CYTDTotalQuoteRejects": 0
        },
        {
            "Company": "Commercial Insurance Division",
            "Division": "Property & Specialty - Commercial",
            "Unit": "Inland Marine",
            "Segment": "Commercial - Inland Marine",
            "CYTDTotalForecastNewBusiness": 0,
            "PYTDTotalForecastNewBusiness": 0,
            "CYTDTotalBound": 0,
            "PYTDTotalBound": 0,
            "CYTDTotalSubmission": 0,
            "PYTDTotalSubmission": 0,
            "CYTDTotalTargetNotSubmitted": 0,
            "CYTDTotalQuote": 3,
            "PYTDTotalQuote": 3,
            "CYTDTotalQuoteRejects": 0
        },
        {
            "Company": "Commercial Insurance Division",
            "Division": "Property & Specialty - Commercial",
            "Unit": "Property",
            "Segment": "Commercial - Property",
            "CYTDTotalForecastNewBusiness": 0,
            "PYTDTotalForecastNewBusiness": 59,
            "CYTDTotalBound": 0,
            "PYTDTotalBound": 1,
            "CYTDTotalSubmission": 4,
            "PYTDTotalSubmission": 0,
            "CYTDTotalTargetNotSubmitted": 0,
            "CYTDTotalQuote": 6,
            "PYTDTotalQuote": 5,
            "CYTDTotalQuoteRejects": 0
        },
        {
            "Company": "Commercial Insurance Division",
            "Division": "Specialty Casualty & Construction",
            "Unit": "Retail Primary",
            "Segment": "Commercial - GL Plus",
            "CYTDTotalForecastNewBusiness": 0,
            "PYTDTotalForecastNewBusiness": 0,
            "CYTDTotalBound": 0,
            "PYTDTotalBound": 0,
            "CYTDTotalSubmission": 2,
            "PYTDTotalSubmission": 0,
            "CYTDTotalTargetNotSubmitted": 0,
            "CYTDTotalQuote": 0,
            "PYTDTotalQuote": 0,
            "CYTDTotalQuoteRejects": 0
        },
        {
            "Company": "Commercial Insurance Division",
            "Division": "Specialty Casualty & Construction",
            "Unit": "Retail Primary",
            "Segment": "Commercial - Renewable Energy",
            "CYTDTotalForecastNewBusiness": 0,
            "PYTDTotalForecastNewBusiness": 0,
            "CYTDTotalBound": 0,
            "PYTDTotalBound": 0,
            "CYTDTotalSubmission": 0,
            "PYTDTotalSubmission": 0,
            "CYTDTotalTargetNotSubmitted": 0,
            "CYTDTotalQuote": 1,
            "PYTDTotalQuote": 0,
            "CYTDTotalQuoteRejects": 0
        },
        {
            "Company": "Commercial Insurance Division",
            "Division": "Specialty Casualty & Construction",
            "Unit": "Retail Primary",
            "Segment": "Commercial - Select Risk",
            "CYTDTotalForecastNewBusiness": 0,
            "PYTDTotalForecastNewBusiness": 0,
            "CYTDTotalBound": 0,
            "PYTDTotalBound": 0,
            "CYTDTotalSubmission": 3,
            "PYTDTotalSubmission": 0,
            "CYTDTotalTargetNotSubmitted": 0,
            "CYTDTotalQuote": 1,
            "PYTDTotalQuote": 0,
            "CYTDTotalQuoteRejects": 0
        },
        {
            "Company": "Commercial Insurance Division",
            "Division": "Specialty Casualty & Construction",
            "Unit": "Retail Umbrella",
            "Segment": "Commercial - GL Plus",
            "CYTDTotalForecastNewBusiness": 0,
            "PYTDTotalForecastNewBusiness": 0,
            "CYTDTotalBound": 0,
            "PYTDTotalBound": 0,
            "CYTDTotalSubmission": 1,
            "PYTDTotalSubmission": 0,
            "CYTDTotalTargetNotSubmitted": 0,
            "CYTDTotalQuote": 0,
            "PYTDTotalQuote": 0,
            "CYTDTotalQuoteRejects": 0
        },
        {
            "Company": "Commercial Insurance Division",
            "Division": "Specialty Casualty & Construction",
            "Unit": "Retail Umbrella",
            "Segment": "Commercial - Select Risk",
            "CYTDTotalForecastNewBusiness": 0,
            "PYTDTotalForecastNewBusiness": 0,
            "CYTDTotalBound": 0,
            "PYTDTotalBound": 0,
            "CYTDTotalSubmission": 0,
            "PYTDTotalSubmission": 0,
            "CYTDTotalTargetNotSubmitted": 0,
            "CYTDTotalQuote": 0,
            "PYTDTotalQuote": 0,
            "CYTDTotalQuoteRejects": 0
        },
        {
            "Company": "Major Accounts Division",
            "Division": "Chubb Major Accounts Division",
            "Unit": "Chubb Major Accounts Division",
            "Segment": "Chubb Casualty",
            "CYTDTotalForecastNewBusiness": 0,
            "PYTDTotalForecastNewBusiness": 0,
            "CYTDTotalBound": 0,
            "PYTDTotalBound": 0,
            "CYTDTotalSubmission": 0,
            "PYTDTotalSubmission": 0,
            "CYTDTotalTargetNotSubmitted": 0,
            "CYTDTotalQuote": 0,
            "PYTDTotalQuote": 0,
            "CYTDTotalQuoteRejects": 0
        },
        {
            "Company": "Major Accounts Division",
            "Division": "Chubb Major Accounts Division",
            "Unit": "Chubb Major Accounts Division",
            "Segment": "Chubb Financial Lines",
            "CYTDTotalForecastNewBusiness": 0,
            "PYTDTotalForecastNewBusiness": 0,
            "CYTDTotalBound": 1,
            "PYTDTotalBound": 0,
            "CYTDTotalSubmission": 0,
            "PYTDTotalSubmission": 0,
            "CYTDTotalTargetNotSubmitted": 0,
            "CYTDTotalQuote": 0,
            "PYTDTotalQuote": 0,
            "CYTDTotalQuoteRejects": 0
        },
        {
            "Company": "Major Accounts Division",
            "Division": "Environmental - Major",
            "Unit": "Environmental",
            "Segment": "Major - Tanks",
            "CYTDTotalForecastNewBusiness": 0,
            "PYTDTotalForecastNewBusiness": 0,
            "CYTDTotalBound": 0,
            "PYTDTotalBound": 0,
            "CYTDTotalSubmission": 0,
            "PYTDTotalSubmission": 0,
            "CYTDTotalTargetNotSubmitted": 0,
            "CYTDTotalQuote": 1,
            "PYTDTotalQuote": 0,
            "CYTDTotalQuoteRejects": 0
        },
        {
            "Company": "Major Accounts Division",
            "Division": "Excess-Casualty - Major",
            "Unit": "Chubb Excess",
            "Segment": "National",
            "CYTDTotalForecastNewBusiness": 0,
            "PYTDTotalForecastNewBusiness": 0,
            "CYTDTotalBound": 0,
            "PYTDTotalBound": 0,
            "CYTDTotalSubmission": 0,
            "PYTDTotalSubmission": 0,
            "CYTDTotalTargetNotSubmitted": 0,
            "CYTDTotalQuote": 0,
            "PYTDTotalQuote": 0,
            "CYTDTotalQuoteRejects": 0
        },
        {
            "Company": "Major Accounts Division",
            "Division": "Excess-Casualty - Major",
            "Unit": "Excess-Casualty",
            "Segment": "Energy",
            "CYTDTotalForecastNewBusiness": 0,
            "PYTDTotalForecastNewBusiness": 0,
            "CYTDTotalBound": 0,
            "PYTDTotalBound": 0,
            "CYTDTotalSubmission": 0,
            "PYTDTotalSubmission": 0,
            "CYTDTotalTargetNotSubmitted": 0,
            "CYTDTotalQuote": 1,
            "PYTDTotalQuote": 0,
            "CYTDTotalQuoteRejects": 0
        },
        {
            "Company": "Major Accounts Division",
            "Division": "Excess-Casualty - Major",
            "Unit": "Excess-Casualty",
            "Segment": "National",
            "CYTDTotalForecastNewBusiness": 0,
            "PYTDTotalForecastNewBusiness": 0,
            "CYTDTotalBound": 0,
            "PYTDTotalBound": 0,
            "CYTDTotalSubmission": 0,
            "PYTDTotalSubmission": 0,
            "CYTDTotalTargetNotSubmitted": 100000,
            "CYTDTotalQuote": 0,
            "PYTDTotalQuote": 0,
            "CYTDTotalQuoteRejects": 0
        },
        {
            "Company": "Major Accounts Division",
            "Division": "Foreign Casualty Group",
            "Unit": "USUS",
            "Segment": "USUS",
            "CYTDTotalForecastNewBusiness": 1486,
            "PYTDTotalForecastNewBusiness": 255266,
            "CYTDTotalBound": 1,
            "PYTDTotalBound": 6,
            "CYTDTotalSubmission": 0,
            "PYTDTotalSubmission": 0,
            "CYTDTotalTargetNotSubmitted": 0,
            "CYTDTotalQuote": 0,
            "PYTDTotalQuote": 0,
            "CYTDTotalQuoteRejects": 0
        },
        {
            "Company": "Major Accounts Division",
            "Division": "Professional-Risk - Major",
            "Unit": "Chubb Major Accounts Division",
            "Segment": "Major - Financial Institutions",
            "CYTDTotalForecastNewBusiness": 0,
            "PYTDTotalForecastNewBusiness": 0,
            "CYTDTotalBound": 0,
            "PYTDTotalBound": 0,
            "CYTDTotalSubmission": 5,
            "PYTDTotalSubmission": 0,
            "CYTDTotalTargetNotSubmitted": 0,
            "CYTDTotalQuote": 0,
            "PYTDTotalQuote": 0,
            "CYTDTotalQuoteRejects": 0
        },
        {
            "Company": "Major Accounts Division",
            "Division": "Professional-Risk - Major",
            "Unit": "Chubb Major Accounts Division",
            "Segment": "Major - Private Company/NFP",
            "CYTDTotalForecastNewBusiness": 0,
            "PYTDTotalForecastNewBusiness": 0,
            "CYTDTotalBound": 0,
            "PYTDTotalBound": 0,
            "CYTDTotalSubmission": 0,
            "PYTDTotalSubmission": 0,
            "CYTDTotalTargetNotSubmitted": 0,
            "CYTDTotalQuote": 1,
            "PYTDTotalQuote": 0,
            "CYTDTotalQuoteRejects": 0
        },
        {
            "Company": "Major Accounts Division",
            "Division": "Professional-Risk - Major",
            "Unit": "Professional and Management Liability",
            "Segment": "Major - Cyber",
            "CYTDTotalForecastNewBusiness": 1273,
            "PYTDTotalForecastNewBusiness": 0,
            "CYTDTotalBound": 1,
            "PYTDTotalBound": 0,
            "CYTDTotalSubmission": 1,
            "PYTDTotalSubmission": 0,
            "CYTDTotalTargetNotSubmitted": 0,
            "CYTDTotalQuote": 0,
            "PYTDTotalQuote": 0,
            "CYTDTotalQuoteRejects": 0
        },
        {
            "Company": "Major Accounts Division",
            "Division": "Professional-Risk - Major",
            "Unit": "Professional and Management Liability",
            "Segment": "Major - Management Liability",
            "CYTDTotalForecastNewBusiness": 4846,
            "PYTDTotalForecastNewBusiness": 0,
            "CYTDTotalBound": 2,
            "PYTDTotalBound": 0,
            "CYTDTotalSubmission": 1,
            "PYTDTotalSubmission": 0,
            "CYTDTotalTargetNotSubmitted": 0,
            "CYTDTotalQuote": 0,
            "PYTDTotalQuote": 0,
            "CYTDTotalQuoteRejects": 0
        },
        {
            "Company": "Major Accounts Division",
            "Division": "Professional-Risk - Major",
            "Unit": "Professional and Management Liability",
            "Segment": "Major - Private Company/NFP",
            "CYTDTotalForecastNewBusiness": 197886,
            "PYTDTotalForecastNewBusiness": 0,
            "CYTDTotalBound": 7,
            "PYTDTotalBound": 0,
            "CYTDTotalSubmission": 2,
            "PYTDTotalSubmission": 0,
            "CYTDTotalTargetNotSubmitted": 0,
            "CYTDTotalQuote": 2,
            "PYTDTotalQuote": 0,
            "CYTDTotalQuoteRejects": 0
        },
        {
            "Company": "Major Accounts Division",
            "Division": "Professional-Risk - Major",
            "Unit": "Professional and Management Liability",
            "Segment": "Major - Professional Liability",
            "CYTDTotalForecastNewBusiness": 147238,
            "PYTDTotalForecastNewBusiness": 0,
            "CYTDTotalBound": 11,
            "PYTDTotalBound": 0,
            "CYTDTotalSubmission": 4,
            "PYTDTotalSubmission": 0,
            "CYTDTotalTargetNotSubmitted": 0,
            "CYTDTotalQuote": 5,
            "PYTDTotalQuote": 0,
            "CYTDTotalQuoteRejects": 0
        },
        {
            "Company": "Major Accounts Division",
            "Division": "Property & Specialty - Major",
            "Unit": "Property",
            "Segment": "Property - National Accounts",
            "CYTDTotalForecastNewBusiness": 0,
            "PYTDTotalForecastNewBusiness": 0,
            "CYTDTotalBound": 0,
            "PYTDTotalBound": 0,
            "CYTDTotalSubmission": 1,
            "PYTDTotalSubmission": 0,
            "CYTDTotalTargetNotSubmitted": 0,
            "CYTDTotalQuote": 1,
            "PYTDTotalQuote": 0,
            "CYTDTotalQuoteRejects": 565000
        },
        {
            "Company": "Major Accounts Division",
            "Division": "Real estate & Primary Cas.",
            "Unit": "Real Estate",
            "Segment": "Real Estate",
            "CYTDTotalForecastNewBusiness": 0,
            "PYTDTotalForecastNewBusiness": 0,
            "CYTDTotalBound": 0,
            "PYTDTotalBound": 0,
            "CYTDTotalSubmission": 0,
            "PYTDTotalSubmission": 0,
            "CYTDTotalTargetNotSubmitted": 0,
            "CYTDTotalQuote": 0,
            "PYTDTotalQuote": 2,
            "CYTDTotalQuoteRejects": 0
        },
        {
            "Company": "Major Accounts Division",
            "Division": "Risk Mgmt Group",
            "Unit": "Chubb Major Cas. Runoff",
            "Segment": "Commercial WC",
            "CYTDTotalForecastNewBusiness": 0,
            "PYTDTotalForecastNewBusiness": 0,
            "CYTDTotalBound": 0,
            "PYTDTotalBound": 0,
            "CYTDTotalSubmission": 0,
            "PYTDTotalSubmission": 0,
            "CYTDTotalTargetNotSubmitted": 0,
            "CYTDTotalQuote": 3,
            "PYTDTotalQuote": 0,
            "CYTDTotalQuoteRejects": 0
        },
        {
            "Company": "Major Accounts Division",
            "Division": "Risk Mgmt Group",
            "Unit": "Chubb Major Cas. Runoff",
            "Segment": "Liability",
            "CYTDTotalForecastNewBusiness": 0,
            "PYTDTotalForecastNewBusiness": 0,
            "CYTDTotalBound": 0,
            "PYTDTotalBound": 0,
            "CYTDTotalSubmission": 0,
            "PYTDTotalSubmission": 0,
            "CYTDTotalTargetNotSubmitted": 0,
            "CYTDTotalQuote": 0,
            "PYTDTotalQuote": 0,
            "CYTDTotalQuoteRejects": 0
        },
        {
            "Company": "Major Accounts Division",
            "Division": "Risk Mgmt Group",
            "Unit": "Risk Mgmt",
            "Segment": "Commercial - Major",
            "CYTDTotalForecastNewBusiness": 0,
            "PYTDTotalForecastNewBusiness": 0,
            "CYTDTotalBound": 0,
            "PYTDTotalBound": 0,
            "CYTDTotalSubmission": 0,
            "PYTDTotalSubmission": 0,
            "CYTDTotalTargetNotSubmitted": 2201067,
            "CYTDTotalQuote": 1,
            "PYTDTotalQuote": 1,
            "CYTDTotalQuoteRejects": 900350
        },
        {
            "Company": "Major Accounts Division",
            "Division": "Risk Mgmt Group",
            "Unit": "Risk Mgmt",
            "Segment": "Commercial - Select",
            "CYTDTotalForecastNewBusiness": 0,
            "PYTDTotalForecastNewBusiness": 0,
            "CYTDTotalBound": 0,
            "PYTDTotalBound": 0,
            "CYTDTotalSubmission": 0,
            "PYTDTotalSubmission": 0,
            "CYTDTotalTargetNotSubmitted": 0,
            "CYTDTotalQuote": 0,
            "PYTDTotalQuote": 0,
            "CYTDTotalQuoteRejects": 0
        },
        {
            "Company": "Major Accounts Division",
            "Division": "Risk Mgmt Group",
            "Unit": "Risk Mgmt",
            "Segment": "National",
            "CYTDTotalForecastNewBusiness": 0,
            "PYTDTotalForecastNewBusiness": 0,
            "CYTDTotalBound": 0,
            "PYTDTotalBound": 0,
            "CYTDTotalSubmission": 0,
            "PYTDTotalSubmission": 0,
            "CYTDTotalTargetNotSubmitted": 1304000,
            "CYTDTotalQuote": 0,
            "PYTDTotalQuote": 1,
            "CYTDTotalQuoteRejects": 0
        },
        {
            "Company": "Major Accounts Division",
            "Division": "Surety - Major",
            "Unit": "Surety Commercial",
            "Segment": "Commercial Surety",
            "CYTDTotalForecastNewBusiness": 1850,
            "PYTDTotalForecastNewBusiness": 35973,
            "CYTDTotalBound": 3,
            "PYTDTotalBound": 4,
            "CYTDTotalSubmission": 0,
            "PYTDTotalSubmission": 0,
            "CYTDTotalTargetNotSubmitted": 0,
            "CYTDTotalQuote": 0,
            "PYTDTotalQuote": 0,
            "CYTDTotalQuoteRejects": 0
        },
        {
            "Company": "Major Accounts Division",
            "Division": "Surety - Major",
            "Unit": "Surety Construction",
            "Segment": "Construction Surety - E & W",
            "CYTDTotalForecastNewBusiness": 0,
            "PYTDTotalForecastNewBusiness": 0,
            "CYTDTotalBound": 1,
            "PYTDTotalBound": 0,
            "CYTDTotalSubmission": 0,
            "PYTDTotalSubmission": 0,
            "CYTDTotalTargetNotSubmitted": 0,
            "CYTDTotalQuote": 0,
            "PYTDTotalQuote": 0,
            "CYTDTotalQuoteRejects": 0
        },
        {
            "Company": "Major Accounts Division",
            "Division": "Surety - Major",
            "Unit": "Surety Construction",
            "Segment": "National E&C Surety",
            "CYTDTotalForecastNewBusiness": 183642,
            "PYTDTotalForecastNewBusiness": 0,
            "CYTDTotalBound": 6,
            "PYTDTotalBound": 0,
            "CYTDTotalSubmission": 0,
            "PYTDTotalSubmission": 0,
            "CYTDTotalTargetNotSubmitted": 0,
            "CYTDTotalQuote": 0,
            "PYTDTotalQuote": 0,
            "CYTDTotalQuoteRejects": 0
        },
        {
            "Company": "Small Retail Division",
            "Division": "Chubb Small Commercial",
            "Unit": "Chubb Small Commercial",
            "Segment": "Chubb Casualty",
            "CYTDTotalForecastNewBusiness": 0,
            "PYTDTotalForecastNewBusiness": 0,
            "CYTDTotalBound": 0,
            "PYTDTotalBound": 0,
            "CYTDTotalSubmission": 1,
            "PYTDTotalSubmission": 0,
            "CYTDTotalTargetNotSubmitted": 0,
            "CYTDTotalQuote": 0,
            "PYTDTotalQuote": 0,
            "CYTDTotalQuoteRejects": 0
        },
        {
            "Company": "Small Retail Division",
            "Division": "Professional-Risk - Small Retail",
            "Unit": "Chubb Small Commercial",
            "Segment": "Small Retail - Cyber",
            "CYTDTotalForecastNewBusiness": 0,
            "PYTDTotalForecastNewBusiness": 0,
            "CYTDTotalBound": 0,
            "PYTDTotalBound": 0,
            "CYTDTotalSubmission": 2,
            "PYTDTotalSubmission": 2,
            "CYTDTotalTargetNotSubmitted": 0,
            "CYTDTotalQuote": 2,
            "PYTDTotalQuote": 0,
            "CYTDTotalQuoteRejects": 0
        },
        {
            "Company": "Small Retail Division",
            "Division": "Professional-Risk - Small Retail",
            "Unit": "Chubb Small Commercial",
            "Segment": "Small Retail - Private Company/NFP",
            "CYTDTotalForecastNewBusiness": 0,
            "PYTDTotalForecastNewBusiness": 5133,
            "CYTDTotalBound": 0,
            "PYTDTotalBound": 2,
            "CYTDTotalSubmission": 1,
            "PYTDTotalSubmission": 0,
            "CYTDTotalTargetNotSubmitted": 0,
            "CYTDTotalQuote": 2,
            "PYTDTotalQuote": 4,
            "CYTDTotalQuoteRejects": 0
        },
        {
            "Company": "Small Retail Division",
            "Division": "Professional-Risk - Small Retail",
            "Unit": "Professional and Management Liability",
            "Segment": "Small Retail - Cyber",
            "CYTDTotalForecastNewBusiness": 14278,
            "PYTDTotalForecastNewBusiness": 0,
            "CYTDTotalBound": 78,
            "PYTDTotalBound": 0,
            "CYTDTotalSubmission": 5,
            "PYTDTotalSubmission": 0,
            "CYTDTotalTargetNotSubmitted": 0,
            "CYTDTotalQuote": 4,
            "PYTDTotalQuote": 0,
            "CYTDTotalQuoteRejects": 0
        },
        {
            "Company": "Small Retail Division",
            "Division": "Professional-Risk - Small Retail",
            "Unit": "Professional and Management Liability",
            "Segment": "Small Retail - Professional Liability",
            "CYTDTotalForecastNewBusiness": 0,
            "PYTDTotalForecastNewBusiness": 0,
            "CYTDTotalBound": 0,
            "PYTDTotalBound": 0,
            "CYTDTotalSubmission": 1,
            "PYTDTotalSubmission": 0,
            "CYTDTotalTargetNotSubmitted": 0,
            "CYTDTotalQuote": 0,
            "PYTDTotalQuote": 0,
            "CYTDTotalQuoteRejects": 0
        },
        {
            "Company": "Small Retail Division",
            "Division": "Specialty Lines",
            "Unit": "P&C",
            "Segment": "Small Retail - BOP & Umb",
            "CYTDTotalForecastNewBusiness": 46397,
            "PYTDTotalForecastNewBusiness": 0,
            "CYTDTotalBound": 27,
            "PYTDTotalBound": 0,
            "CYTDTotalSubmission": 7,
            "PYTDTotalSubmission": 8,
            "CYTDTotalTargetNotSubmitted": 0,
            "CYTDTotalQuote": 11,
            "PYTDTotalQuote": 1,
            "CYTDTotalQuoteRejects": 0
        },
        {
            "Company": "Wholesale/Excess & Surplus Division",
            "Division": "Wholesale-Professional",
            "Unit": "Chubb Wholesale-Management",
            "Segment": "Wholesale - Financial Institutions",
            "CYTDTotalForecastNewBusiness": 0,
            "PYTDTotalForecastNewBusiness": 0,
            "CYTDTotalBound": 0,
            "PYTDTotalBound": 0,
            "CYTDTotalSubmission": 0,
            "PYTDTotalSubmission": 0,
            "CYTDTotalTargetNotSubmitted": 0,
            "CYTDTotalQuote": 5,
            "PYTDTotalQuote": 0,
            "CYTDTotalQuoteRejects": 0
        },
        {
            "Company": "Wholesale/Excess & Surplus Division",
            "Division": "Wholesale-Professional",
            "Unit": "Chubb Wholesale-Management",
            "Segment": "Wholesale - Management Liability",
            "CYTDTotalForecastNewBusiness": 0,
            "PYTDTotalForecastNewBusiness": 0,
            "CYTDTotalBound": 0,
            "PYTDTotalBound": 0,
            "CYTDTotalSubmission": 0,
            "PYTDTotalSubmission": 0,
            "CYTDTotalTargetNotSubmitted": 0,
            "CYTDTotalQuote": 0,
            "PYTDTotalQuote": 0,
            "CYTDTotalQuoteRejects": 0
        },
        {
            "Company": "Wholesale/Excess & Surplus Division",
            "Division": "Wholesale-Professional",
            "Unit": "Chubb Wholesale-Management",
            "Segment": "Wholesale - Private Company/NFP",
            "CYTDTotalForecastNewBusiness": 0,
            "PYTDTotalForecastNewBusiness": 14792,
            "CYTDTotalBound": 0,
            "PYTDTotalBound": 5,
            "CYTDTotalSubmission": 19,
            "PYTDTotalSubmission": 0,
            "CYTDTotalTargetNotSubmitted": 0,
            "CYTDTotalQuote": 15,
            "PYTDTotalQuote": 5,
            "CYTDTotalQuoteRejects": 0
        },
        {
            "Company": "Wholesale/Excess & Surplus Division",
            "Division": "Wholesale-Professional",
            "Unit": "Chubb Wholesale-Professional",
            "Segment": "Wholesale - Cyber",
            "CYTDTotalForecastNewBusiness": 0,
            "PYTDTotalForecastNewBusiness": 0,
            "CYTDTotalBound": 0,
            "PYTDTotalBound": 0,
            "CYTDTotalSubmission": 1,
            "PYTDTotalSubmission": 0,
            "CYTDTotalTargetNotSubmitted": 0,
            "CYTDTotalQuote": 0,
            "PYTDTotalQuote": 1,
            "CYTDTotalQuoteRejects": 0
        },
        {
            "Company": "Wholesale/Excess & Surplus Division",
            "Division": "Wholesale-Professional",
            "Unit": "Wholesale-Management",
            "Segment": "Wholesale - Financial Institutions",
            "CYTDTotalForecastNewBusiness": 771106,
            "PYTDTotalForecastNewBusiness": 0,
            "CYTDTotalBound": 15,
            "PYTDTotalBound": 0,
            "CYTDTotalSubmission": 3,
            "PYTDTotalSubmission": 0,
            "CYTDTotalTargetNotSubmitted": 0,
            "CYTDTotalQuote": 1,
            "PYTDTotalQuote": 0,
            "CYTDTotalQuoteRejects": 0
        },
        {
            "Company": "Wholesale/Excess & Surplus Division",
            "Division": "Wholesale-Professional",
            "Unit": "Wholesale-Management",
            "Segment": "Wholesale - Management Liability",
            "CYTDTotalForecastNewBusiness": 363793,
            "PYTDTotalForecastNewBusiness": 0,
            "CYTDTotalBound": 20,
            "PYTDTotalBound": 0,
            "CYTDTotalSubmission": 0,
            "PYTDTotalSubmission": 0,
            "CYTDTotalTargetNotSubmitted": 0,
            "CYTDTotalQuote": 11,
            "PYTDTotalQuote": 0,
            "CYTDTotalQuoteRejects": 57817
        },
        {
            "Company": "Wholesale/Excess & Surplus Division",
            "Division": "Wholesale-Professional",
            "Unit": "Wholesale-Management",
            "Segment": "Wholesale - Private Company/NFP",
            "CYTDTotalForecastNewBusiness": 545484,
            "PYTDTotalForecastNewBusiness": 1883394,
            "CYTDTotalBound": 26,
            "PYTDTotalBound": 144,
            "CYTDTotalSubmission": 6,
            "PYTDTotalSubmission": 4,
            "CYTDTotalTargetNotSubmitted": 0,
            "CYTDTotalQuote": 138,
            "PYTDTotalQuote": 98,
            "CYTDTotalQuoteRejects": 973720
        },
        {
            "Company": "Wholesale/Excess & Surplus Division",
            "Division": "Wholesale-Professional",
            "Unit": "Wholesale-Professional",
            "Segment": "Wholesale - Cyber",
            "CYTDTotalForecastNewBusiness": 0,
            "PYTDTotalForecastNewBusiness": 37515,
            "CYTDTotalBound": 0,
            "PYTDTotalBound": 2,
            "CYTDTotalSubmission": 1,
            "PYTDTotalSubmission": 0,
            "CYTDTotalTargetNotSubmitted": 0,
            "CYTDTotalQuote": 0,
            "PYTDTotalQuote": 6,
            "CYTDTotalQuoteRejects": 0
        },
        {
            "Company": "Wholesale/Excess & Surplus Division",
            "Division": "Wholesale-Professional",
            "Unit": "Wholesale-Professional",
            "Segment": "Wholesale - Professional Liability",
            "CYTDTotalForecastNewBusiness": 7064,
            "PYTDTotalForecastNewBusiness": 120000,
            "CYTDTotalBound": 4,
            "PYTDTotalBound": 2,
            "CYTDTotalSubmission": 2,
            "PYTDTotalSubmission": 0,
            "CYTDTotalTargetNotSubmitted": 0,
            "CYTDTotalQuote": 2,
            "PYTDTotalQuote": 0,
            "CYTDTotalQuoteRejects": 0
        },
        {
            "Company": "SegmentTotal",
            "Division": null,
            "Unit": null,
            "Segment": null,
            "CYTDTotalForecastNewBusiness": 20994304,
            "PYTDTotalForecastNewBusiness": 2651485,
            "CYTDTotalBound": 237,
            "PYTDTotalBound": 201,
            "CYTDTotalSubmission": 127,
            "PYTDTotalSubmission": 23,
            "CYTDTotalTargetNotSubmitted": 4360568,
            "CYTDTotalQuote": 278,
            "PYTDTotalQuote": 183,
            "CYTDTotalQuoteRejects": 2875538
        }
    ]
}