{
  "data": [
    {
        "ProducerName": "EPIC",
        "ProducerBranch": "Baltimore",
        "ProducerRegion": "Midatlantic",
        "NationalCRMGUID": "CD18747A-605C-E911-A97E-000D3A328908",
        "BranchCRMGUID": "D918747A-605C-E911-A97E-000D3A328908",
        "Details": "Details"
    },
    {
        "ProducerName": "EPIC",
        "ProducerBranch": "Birmingham",
        "ProducerRegion": "Southeast",
        "NationalCRMGUID": "CD18747A-605C-E911-A97E-000D3A328908",
        "BranchCRMGUID": "DF18747A-605C-E911-A97E-000D3A328908",
        "Details": "Details"
    },
    {
        "ProducerName": "EPIC",
        "ProducerBranch": "Houston",
        "ProducerRegion": "Southwest",
        "NationalCRMGUID": "CD18747A-605C-E911-A97E-000D3A328908",
        "BranchCRMGUID": "0719747A-605C-E911-A97E-000D3A328908",
        "Details": "Details"
    },
    {
        "ProducerName": "EPIC",
        "ProducerBranch": "Los Angeles",
        "ProducerRegion": "Pacific",
        "NationalCRMGUID": "CD18747A-605C-E911-A97E-000D3A328908",
        "BranchCRMGUID": "0D19747A-605C-E911-A97E-000D3A328908",
        "Details": "Details"
    },
    {
        "ProducerName": "EPIC",
        "ProducerBranch": "Uniondale",
        "ProducerRegion": "New York",
        "NationalCRMGUID": "CD18747A-605C-E911-A97E-000D3A328908",
        "BranchCRMGUID": "7D870280-605C-E911-A97B-000D3A328903",
        "Details": "Details"
    },
    {
        "ProducerName": "EPIC",
        "ProducerBranch": "Boston",
        "ProducerRegion": "Northeast",
        "NationalCRMGUID": "CD18747A-605C-E911-A97E-000D3A328908",
        "BranchCRMGUID": "E618747A-605C-E911-A97E-000D3A328908",
        "Details": "Details"
    },
    {
        "ProducerName": "EPIC",
        "ProducerBranch": "Newport Beach",
        "ProducerRegion": "Pacific",
        "NationalCRMGUID": "CD18747A-605C-E911-A97E-000D3A328908",
        "BranchCRMGUID": "2B19747A-605C-E911-A97E-000D3A328908",
        "Details": "Details"
    },
    {
        "ProducerName": "EPIC",
        "ProducerBranch": "Pittsburgh",
        "ProducerRegion": "Midatlantic",
        "NationalCRMGUID": "CD18747A-605C-E911-A97E-000D3A328908",
        "BranchCRMGUID": "3819747A-605C-E911-A97E-000D3A328908",
        "Details": "Details"
    },
    {
        "ProducerName": "EPIC",
        "ProducerBranch": "White Plains",
        "ProducerRegion": "New York",
        "NationalCRMGUID": "CD18747A-605C-E911-A97E-000D3A328908",
        "BranchCRMGUID": "83870280-605C-E911-A97B-000D3A328903",
        "Details": "Details"
    },
    {
        "ProducerName": "EPIC",
        "ProducerBranch": "Des Moines",
        "ProducerRegion": "Midwest",
        "NationalCRMGUID": "CD18747A-605C-E911-A97E-000D3A328908",
        "BranchCRMGUID": "F318747A-605C-E911-A97E-000D3A328908",
        "Details": "Details"
    },
    {
        "ProducerName": "EPIC",
        "ProducerBranch": "Nashville",
        "ProducerRegion": "Southeast",
        "NationalCRMGUID": "CD18747A-605C-E911-A97E-000D3A328908",
        "BranchCRMGUID": "1319747A-605C-E911-A97E-000D3A328908",
        "Details": "Details"
    },
    {
        "ProducerName": "EPIC",
        "ProducerBranch": "New York City",
        "ProducerRegion": "New York",
        "NationalCRMGUID": "CD18747A-605C-E911-A97E-000D3A328908",
        "BranchCRMGUID": "2519747A-605C-E911-A97E-000D3A328908",
        "Details": "Details"
    },
    {
        "ProducerName": "EPIC",
        "ProducerBranch": "Denver",
        "ProducerRegion": "Southwest",
        "NationalCRMGUID": "CD18747A-605C-E911-A97E-000D3A328908",
        "BranchCRMGUID": "ED18747A-605C-E911-A97E-000D3A328908",
        "Details": "Details"
    },
    {
        "ProducerName": "EPIC",
        "ProducerBranch": "Home Office",
        "ProducerRegion": "Home Office",
        "NationalCRMGUID": "CD18747A-605C-E911-A97E-000D3A328908",
        "BranchCRMGUID": "FD18747A-605C-E911-A97E-000D3A328908",
        "Details": "Details"
    },
    {
        "ProducerName": "EPIC",
        "ProducerBranch": "New Haven",
        "ProducerRegion": "Northeast",
        "NationalCRMGUID": "CD18747A-605C-E911-A97E-000D3A328908",
        "BranchCRMGUID": "1919747A-605C-E911-A97E-000D3A328908",
        "Details": "Details"
    },
    {
        "ProducerName": "EPIC",
        "ProducerBranch": "New Jersey",
        "ProducerRegion": "New York",
        "NationalCRMGUID": "CD18747A-605C-E911-A97E-000D3A328908",
        "BranchCRMGUID": "1F19747A-605C-E911-A97E-000D3A328908",
        "Details": "Details"
    },
    {
        "ProducerName": "EPIC",
        "ProducerBranch": "San Francisco",
        "ProducerRegion": "Pacific",
        "NationalCRMGUID": "CD18747A-605C-E911-A97E-000D3A328908",
        "BranchCRMGUID": "3E19747A-605C-E911-A97E-000D3A328908",
        "Details": "Details"
    },
    {
        "ProducerName": "EPIC",
        "ProducerBranch": "San Ramon",
        "ProducerRegion": "Pacific",
        "NationalCRMGUID": "CD18747A-605C-E911-A97E-000D3A328908",
        "BranchCRMGUID": "75870280-605C-E911-A97B-000D3A328903",
        "Details": "Details"
    },
    {
        "ProducerName": "EPIC",
        "ProducerBranch": "Atlanta",
        "ProducerRegion": "Southeast",
        "NationalCRMGUID": "CD18747A-605C-E911-A97E-000D3A328908",
        "BranchCRMGUID": "D318747A-605C-E911-A97E-000D3A328908",
        "Details": "Details"
    },
    {
        "ProducerName": "EPIC",
        "ProducerBranch": "Philadelphia",
        "ProducerRegion": "Midatlantic",
        "NationalCRMGUID": "CD18747A-605C-E911-A97E-000D3A328908",
        "BranchCRMGUID": "3119747A-605C-E911-A97E-000D3A328908",
        "Details": "Details"
    },
    {
        "ProducerName": "AON",
        "ProducerBranch": "Atlanta",
        "ProducerRegion": "Southeast",
        "NationalCRMGUID": "52A84594-455C-E911-A986-000D3A328D2E",
        "BranchCRMGUID": "59A84594-455C-E911-A986-000D3A328D2E",
        "Details": "Details"
    },
    {
        "ProducerName": "AON",
        "ProducerBranch": "Columbus",
        "ProducerRegion": "Midwest",
        "NationalCRMGUID": "52A84594-455C-E911-A986-000D3A328D2E",
        "BranchCRMGUID": "435C4694-455C-E911-A97E-000D3A328908",
        "Details": "Details"
    },
    {
        "ProducerName": "AON",
        "ProducerBranch": "Newport Beach",
        "ProducerRegion": "Pacific",
        "NationalCRMGUID": "52A84594-455C-E911-A986-000D3A328D2E",
        "BranchCRMGUID": "93B6C193-455C-E911-A97C-000D3A32890B",
        "Details": "Details"
    },
    {
        "ProducerName": "AON",
        "ProducerBranch": "St. Louis",
        "ProducerRegion": "Midwest",
        "NationalCRMGUID": "52A84594-455C-E911-A986-000D3A328D2E",
        "BranchCRMGUID": "7A4E429A-455C-E911-A986-000D3A328D2E",
        "Details": "Details"
    },
    {
        "ProducerName": "AON",
        "ProducerBranch": "Calgary",
        "ProducerRegion": "Canada",
        "NationalCRMGUID": "52A84594-455C-E911-A986-000D3A328D2E",
        "BranchCRMGUID": "79A84594-455C-E911-A986-000D3A328D2E",
        "Details": "Details"
    },
    {
        "ProducerName": "AON",
        "ProducerBranch": "Dallas",
        "ProducerRegion": "Southwest",
        "NationalCRMGUID": "52A84594-455C-E911-A986-000D3A328D2E",
        "BranchCRMGUID": "515C4694-455C-E911-A97E-000D3A328908",
        "Details": "Details"
    },
    {
        "ProducerName": "AON",
        "ProducerBranch": "Milwaukee",
        "ProducerRegion": "Midwest",
        "NationalCRMGUID": "52A84594-455C-E911-A986-000D3A328D2E",
        "BranchCRMGUID": "11B6C193-455C-E911-A97C-000D3A32890B",
        "Details": "Details"
    },
    {
        "ProducerName": "AON",
        "ProducerBranch": "San Francisco",
        "ProducerRegion": "Pacific",
        "NationalCRMGUID": "52A84594-455C-E911-A986-000D3A328D2E",
        "BranchCRMGUID": "424E429A-455C-E911-A986-000D3A328D2E",
        "Details": "Details"
    },
    {
        "ProducerName": "AON",
        "ProducerBranch": "Boston",
        "ProducerRegion": "Northeast",
        "NationalCRMGUID": "52A84594-455C-E911-A986-000D3A328D2E",
        "BranchCRMGUID": "73A84594-455C-E911-A986-000D3A328D2E",
        "Details": "Details"
    },
    {
        "ProducerName": "AON",
        "ProducerBranch": "Chicago",
        "ProducerRegion": "Midwest",
        "NationalCRMGUID": "52A84594-455C-E911-A986-000D3A328D2E",
        "BranchCRMGUID": "1E5C4694-455C-E911-A97E-000D3A328908",
        "Details": "Details"
    },
    {
        "ProducerName": "AON",
        "ProducerBranch": "Grand Rapids",
        "ProducerRegion": "Midwest",
        "NationalCRMGUID": "52A84594-455C-E911-A986-000D3A328D2E",
        "BranchCRMGUID": "765C4694-455C-E911-A97E-000D3A328908",
        "Details": "Details"
    },
    {
        "ProducerName": "AON",
        "ProducerBranch": "Houston",
        "ProducerRegion": "Southwest",
        "NationalCRMGUID": "52A84594-455C-E911-A986-000D3A328D2E",
        "BranchCRMGUID": "99B5C193-455C-E911-A97C-000D3A32890B",
        "Details": "Details"
    },
    {
        "ProducerName": "AON",
        "ProducerBranch": "Indianapolis",
        "ProducerRegion": "Midwest",
        "NationalCRMGUID": "52A84594-455C-E911-A986-000D3A328D2E",
        "BranchCRMGUID": "B2B5C193-455C-E911-A97C-000D3A32890B",
        "Details": "Details"
    },
    {
        "ProducerName": "AON",
        "ProducerBranch": "Kansas City",
        "ProducerRegion": "Midwest",
        "NationalCRMGUID": "52A84594-455C-E911-A986-000D3A328D2E",
        "BranchCRMGUID": "CBB5C193-455C-E911-A97C-000D3A32890B",
        "Details": "Details"
    },
    {
        "ProducerName": "AON",
        "ProducerBranch": "San Diego",
        "ProducerRegion": "Pacific",
        "NationalCRMGUID": "52A84594-455C-E911-A986-000D3A328D2E",
        "BranchCRMGUID": "364E429A-455C-E911-A986-000D3A328D2E",
        "Details": "Details"
    },
    {
        "ProducerName": "AON",
        "ProducerBranch": "Charlotte",
        "ProducerRegion": "Southeast",
        "NationalCRMGUID": "52A84594-455C-E911-A986-000D3A328D2E",
        "BranchCRMGUID": "175C4694-455C-E911-A97E-000D3A328908",
        "Details": "Details"
    },
    {
        "ProducerName": "AON",
        "ProducerBranch": "Cincinnati",
        "ProducerRegion": "Midwest",
        "NationalCRMGUID": "52A84594-455C-E911-A986-000D3A328D2E",
        "BranchCRMGUID": "2A5C4694-455C-E911-A97E-000D3A328908",
        "Details": "Details"
    },
    {
        "ProducerName": "AON",
        "ProducerBranch": "Cleveland",
        "ProducerRegion": "Midwest",
        "NationalCRMGUID": "52A84594-455C-E911-A986-000D3A328D2E",
        "BranchCRMGUID": "375C4694-455C-E911-A97E-000D3A328908",
        "Details": "Details"
    },
    {
        "ProducerName": "AON",
        "ProducerBranch": "Home Office",
        "ProducerRegion": "Home Office",
        "NationalCRMGUID": "52A84594-455C-E911-A986-000D3A328D2E",
        "BranchCRMGUID": "85B5C193-455C-E911-A97C-000D3A32890B",
        "Details": "Details"
    },
    {
        "ProducerName": "AON",
        "ProducerBranch": "Los Angeles",
        "ProducerRegion": "Pacific",
        "NationalCRMGUID": "52A84594-455C-E911-A986-000D3A328D2E",
        "BranchCRMGUID": "E0B5C193-455C-E911-A97C-000D3A32890B",
        "Details": "Details"
    },
    {
        "ProducerName": "AON",
        "ProducerBranch": "Minneapolis",
        "ProducerRegion": "Midwest",
        "NationalCRMGUID": "52A84594-455C-E911-A986-000D3A328D2E",
        "BranchCRMGUID": "27B6C193-455C-E911-A97C-000D3A32890B",
        "Details": "Details"
    },
    {
        "ProducerName": "AON",
        "ProducerBranch": "New Jersey",
        "ProducerRegion": "New York",
        "NationalCRMGUID": "52A84594-455C-E911-A986-000D3A328D2E",
        "BranchCRMGUID": "7BB6C193-455C-E911-A97C-000D3A32890B",
        "Details": "Details"
    },
    {
        "ProducerName": "AON",
        "ProducerBranch": "San Ramon",
        "ProducerRegion": "Pacific",
        "NationalCRMGUID": "52A84594-455C-E911-A986-000D3A328D2E",
        "BranchCRMGUID": "4E4E429A-455C-E911-A986-000D3A328D2E",
        "Details": "Details"
    },
    {
        "ProducerName": "AON",
        "ProducerBranch": "Tulsa",
        "ProducerRegion": "Southwest",
        "NationalCRMGUID": "52A84594-455C-E911-A986-000D3A328D2E",
        "BranchCRMGUID": "A04E429A-455C-E911-A986-000D3A328D2E",
        "Details": "Details"
    },
    {
        "ProducerName": "AON",
        "ProducerBranch": "Baltimore",
        "ProducerRegion": "Midatlantic",
        "NationalCRMGUID": "52A84594-455C-E911-A986-000D3A328D2E",
        "BranchCRMGUID": "67A84594-455C-E911-A986-000D3A328D2E",
        "Details": "Details"
    },
    {
        "ProducerName": "AON",
        "ProducerBranch": "Harrisburg",
        "ProducerRegion": "Midatlantic",
        "NationalCRMGUID": "52A84594-455C-E911-A986-000D3A328D2E",
        "BranchCRMGUID": "825C4694-455C-E911-A97E-000D3A328908",
        "Details": "Details"
    },
    {
        "ProducerName": "AON",
        "ProducerBranch": "Philadelphia",
        "ProducerRegion": "Midatlantic",
        "NationalCRMGUID": "52A84594-455C-E911-A986-000D3A328D2E",
        "BranchCRMGUID": "A2B6C193-455C-E911-A97C-000D3A32890B",
        "Details": "Details"
    },
    {
        "ProducerName": "AON",
        "ProducerBranch": "Portland",
        "ProducerRegion": "Pacific",
        "NationalCRMGUID": "52A84594-455C-E911-A986-000D3A328D2E",
        "BranchCRMGUID": "4854B999-455C-E911-A97C-000D3A32890B",
        "Details": "Details"
    },
    {
        "ProducerName": "AON",
        "ProducerBranch": "Seattle",
        "ProducerRegion": "Pacific",
        "NationalCRMGUID": "52A84594-455C-E911-A986-000D3A328D2E",
        "BranchCRMGUID": "684E429A-455C-E911-A986-000D3A328D2E",
        "Details": "Details"
    },
    {
        "ProducerName": "AON",
        "ProducerBranch": "Louisville",
        "ProducerRegion": "Midwest",
        "NationalCRMGUID": "52A84594-455C-E911-A986-000D3A328D2E",
        "BranchCRMGUID": "F7B5C193-455C-E911-A97C-000D3A32890B",
        "Details": "Details"
    },
    {
        "ProducerName": "AON",
        "ProducerBranch": "Montreal",
        "ProducerRegion": "Canada",
        "NationalCRMGUID": "52A84594-455C-E911-A986-000D3A328D2E",
        "BranchCRMGUID": "3EB6C193-455C-E911-A97C-000D3A32890B",
        "Details": "Details"
    },
    {
        "ProducerName": "AON",
        "ProducerBranch": "New Haven",
        "ProducerRegion": "Northeast",
        "NationalCRMGUID": "52A84594-455C-E911-A986-000D3A328D2E",
        "BranchCRMGUID": "6EB6C193-455C-E911-A97C-000D3A32890B",
        "Details": "Details"
    },
    {
        "ProducerName": "AON",
        "ProducerBranch": "Rochester",
        "ProducerRegion": "Northeast",
        "NationalCRMGUID": "52A84594-455C-E911-A986-000D3A328D2E",
        "BranchCRMGUID": "5D54B999-455C-E911-A97C-000D3A32890B",
        "Details": "Details"
    },
    {
        "ProducerName": "AON",
        "ProducerBranch": "Tampa",
        "ProducerRegion": "Southeast",
        "NationalCRMGUID": "52A84594-455C-E911-A986-000D3A328D2E",
        "BranchCRMGUID": "804E429A-455C-E911-A986-000D3A328D2E",
        "Details": "Details"
    },
    {
        "ProducerName": "AON",
        "ProducerBranch": "Washington DC",
        "ProducerRegion": "Midatlantic",
        "NationalCRMGUID": "52A84594-455C-E911-A986-000D3A328D2E",
        "BranchCRMGUID": "5B1CAE98-455C-E911-A978-000D3A328ED9",
        "Details": "Details"
    },
    {
        "ProducerName": "AON",
        "ProducerBranch": "Birmingham",
        "ProducerRegion": "Southeast",
        "NationalCRMGUID": "52A84594-455C-E911-A986-000D3A328D2E",
        "BranchCRMGUID": "6DA84594-455C-E911-A986-000D3A328D2E",
        "Details": "Details"
    },
    {
        "ProducerName": "AON",
        "ProducerBranch": "Nashville",
        "ProducerRegion": "Southeast",
        "NationalCRMGUID": "52A84594-455C-E911-A986-000D3A328D2E",
        "BranchCRMGUID": "4BB6C193-455C-E911-A97C-000D3A32890B",
        "Details": "Details"
    },
    {
        "ProducerName": "AON",
        "ProducerBranch": "Phoenix",
        "ProducerRegion": "Pacific",
        "NationalCRMGUID": "52A84594-455C-E911-A986-000D3A328D2E",
        "BranchCRMGUID": "3054B999-455C-E911-A97C-000D3A32890B",
        "Details": "Details"
    },
    {
        "ProducerName": "AON",
        "ProducerBranch": "Richmond",
        "ProducerRegion": "Midatlantic",
        "NationalCRMGUID": "52A84594-455C-E911-A986-000D3A328D2E",
        "BranchCRMGUID": "5654B999-455C-E911-A97C-000D3A32890B",
        "Details": "Details"
    },
    {
        "ProducerName": "AON",
        "ProducerBranch": "Schaumburg",
        "ProducerRegion": "Midwest",
        "NationalCRMGUID": "52A84594-455C-E911-A986-000D3A328D2E",
        "BranchCRMGUID": "5C4E429A-455C-E911-A986-000D3A328D2E",
        "Details": "Details"
    },
    {
        "ProducerName": "AON",
        "ProducerBranch": "Austin",
        "ProducerRegion": "Southwest",
        "NationalCRMGUID": "52A84594-455C-E911-A986-000D3A328D2E",
        "BranchCRMGUID": "60A84594-455C-E911-A986-000D3A328D2E",
        "Details": "Details"
    },
    {
        "ProducerName": "AON",
        "ProducerBranch": "Denver",
        "ProducerRegion": "Southwest",
        "NationalCRMGUID": "52A84594-455C-E911-A986-000D3A328D2E",
        "BranchCRMGUID": "5D5C4694-455C-E911-A97E-000D3A328908",
        "Details": "Details"
    },
    {
        "ProducerName": "AON",
        "ProducerBranch": "Des Moines",
        "ProducerRegion": "Midwest",
        "NationalCRMGUID": "52A84594-455C-E911-A986-000D3A328D2E",
        "BranchCRMGUID": "6A5C4694-455C-E911-A97E-000D3A328908",
        "Details": "Details"
    },
    {
        "ProducerName": "AON",
        "ProducerBranch": "New York City",
        "ProducerRegion": "New York",
        "NationalCRMGUID": "52A84594-455C-E911-A986-000D3A328D2E",
        "BranchCRMGUID": "87B6C193-455C-E911-A97C-000D3A32890B",
        "Details": "Details"
    },
    {
        "ProducerName": "AON",
        "ProducerBranch": "Pittsburgh",
        "ProducerRegion": "Midatlantic",
        "NationalCRMGUID": "52A84594-455C-E911-A986-000D3A328D2E",
        "BranchCRMGUID": "3C54B999-455C-E911-A97C-000D3A32890B",
        "Details": "Details"
    },
    {
        "ProducerName": "AON",
        "ProducerBranch": "Toronto",
        "ProducerRegion": "Canada",
        "NationalCRMGUID": "52A84594-455C-E911-A986-000D3A328D2E",
        "BranchCRMGUID": "864E429A-455C-E911-A986-000D3A328D2E",
        "Details": "Details"
    },
    {
        "ProducerName": "AON",
        "ProducerBranch": "Troy",
        "ProducerRegion": "Midwest",
        "NationalCRMGUID": "52A84594-455C-E911-A986-000D3A328D2E",
        "BranchCRMGUID": "944E429A-455C-E911-A986-000D3A328D2E",
        "Details": "Details"
    },
    {
        "ProducerName": "AON",
        "ProducerBranch": "Uniondale",
        "ProducerRegion": "New York",
        "NationalCRMGUID": "52A84594-455C-E911-A986-000D3A328D2E",
        "BranchCRMGUID": "431CAE98-455C-E911-A978-000D3A328ED9",
        "Details": "Details"
    },
    {
        "ProducerName": "AON",
        "ProducerBranch": "Vancouver",
        "ProducerRegion": "Canada",
        "NationalCRMGUID": "52A84594-455C-E911-A986-000D3A328D2E",
        "BranchCRMGUID": "4F1CAE98-455C-E911-A978-000D3A328ED9",
        "Details": "Details"
    },
    {
        "ProducerName": "AON",
        "ProducerBranch": "White Plains",
        "ProducerRegion": "New York",
        "NationalCRMGUID": "52A84594-455C-E911-A986-000D3A328D2E",
        "BranchCRMGUID": "671CAE98-455C-E911-A978-000D3A328ED9",
        "Details": "Details"
    }
  ]
}
