{
    "data": [
        {
            "Company": null,
            "Division": null,
            "Unit": null,
            "Segment": null,
            "RetenstionPremium": null,
            "RetenstionCount": null,
            "RetensionCYTD": null,
            "LostPYTD": null,
            "PendingCYTD": null,
            "PendingPYTD": 1,
            "QuotedCYTD": null,
            "QuotedPYTD": 10,
            "BoundCYTD": null,
            "BoundPYTD": 5
        },
        {
            "Company": "Commercial Insurance Division",
            "Division": null,
            "Unit": null,
            "Segment": null,
            "RetenstionPremium": 304.99999999999989,
            "RetenstionCount": 354.99999999999983,
            "RetensionCYTD": 31340625,
            "LostPYTD": 24229,
            "PendingCYTD": 199,
            "PendingPYTD": 12,
            "QuotedCYTD": 28,
            "QuotedPYTD": 10,
            "BoundCYTD": 216,
            "BoundPYTD": 348
        },
        {
            "Company": "Major Accounts Division",
            "Division": null,
            "Unit": null,
            "Segment": null,
            "RetenstionPremium": 256.19999999999993,
            "RetenstionCount": 298.19999999999987,
            "RetensionCYTD": 26326125,
            "LostPYTD": 1022119,
            "PendingCYTD": 48,
            "PendingPYTD": 3,
            "QuotedCYTD": 13,
            "QuotedPYTD": 2,
            "BoundCYTD": 52,
            "BoundPYTD": 47
        },
        {
            "Company": "Small Retail Division",
            "Division": null,
            "Unit": null,
            "Segment": null,
            "RetenstionPremium": 158.6,
            "RetenstionCount": 184.59999999999997,
            "RetensionCYTD": 16297125,
            "LostPYTD": null,
            "PendingCYTD": 31,
            "PendingPYTD": 0,
            "QuotedCYTD": 6,
            "QuotedPYTD": 7,
            "BoundCYTD": 33,
            "BoundPYTD": 41
        },
        {
            "Company": "Wholesale/Excess & Surplus Division",
            "Division": null,
            "Unit": null,
            "Segment": null,
            "RetenstionPremium": 97.600000000000009,
            "RetenstionCount": 113.60000000000001,
            "RetensionCYTD": 10029000,
            "LostPYTD": 435118,
            "PendingCYTD": 170,
            "PendingPYTD": 0,
            "QuotedCYTD": 80,
            "QuotedPYTD": 12,
            "BoundCYTD": 147,
            "BoundPYTD": 89
        },
        {
            "Company": "CompanyTotal",
            "Division": null,
            "Unit": null,
            "Segment": null,
            "RetenstionPremium": 817.40000000000089,
            "RetenstionCount": 951.40000000000111,
            "RetensionCYTD": 83992875,
            "LostPYTD": 1481466,
            "PendingCYTD": 448,
            "PendingPYTD": 16,
            "QuotedCYTD": 127,
            "QuotedPYTD": 41,
            "BoundCYTD": 448,
            "BoundPYTD": 530
        },
        {
            "Company": null,
            "Division": null,
            "Unit": null,
            "Segment": null,
            "RetenstionPremium": null,
            "RetenstionCount": null,
            "RetensionCYTD": null,
            "LostPYTD": null,
            "PendingCYTD": null,
            "PendingPYTD": 1,
            "QuotedCYTD": null,
            "QuotedPYTD": 10,
            "BoundCYTD": null,
            "BoundPYTD": 5
        },
        {
            "Company": "Commercial Insurance Division",
            "Division": "A&H - Commercial",
            "Unit": null,
            "Segment": null,
            "RetenstionPremium": 24.4,
            "RetenstionCount": 28.4,
            "RetensionCYTD": 2507250,
            "LostPYTD": null,
            "PendingCYTD": 7,
            "PendingPYTD": 0,
            "QuotedCYTD": 0,
            "QuotedPYTD": 0,
            "BoundCYTD": 9,
            "BoundPYTD": 9
        },
        {
            "Company": "Major Accounts Division",
            "Division": "A&H - Major",
            "Unit": null,
            "Segment": null,
            "RetenstionPremium": 48.8,
            "RetenstionCount": 56.8,
            "RetensionCYTD": 5014500,
            "LostPYTD": null,
            "PendingCYTD": 15,
            "PendingPYTD": 0,
            "QuotedCYTD": 1,
            "QuotedPYTD": 0,
            "BoundCYTD": 3,
            "BoundPYTD": 5
        },
        {
            "Company": "Commercial Insurance Division",
            "Division": "Aerospace",
            "Unit": null,
            "Segment": null,
            "RetenstionPremium": 12.2,
            "RetenstionCount": 14.2,
            "RetensionCYTD": 1253625,
            "LostPYTD": null,
            "PendingCYTD": 0,
            "PendingPYTD": 0,
            "QuotedCYTD": 1,
            "QuotedPYTD": 0,
            "BoundCYTD": 0,
            "BoundPYTD": 1
        },
        {
            "Company": "Commercial Insurance Division",
            "Division": "Chubb Commercial Insurance Division",
            "Unit": null,
            "Segment": null,
            "RetenstionPremium": 85.4,
            "RetenstionCount": 99.4,
            "RetensionCYTD": 8775375,
            "LostPYTD": 14528,
            "PendingCYTD": 104,
            "PendingPYTD": 11,
            "QuotedCYTD": 0,
            "QuotedPYTD": 3,
            "BoundCYTD": 94,
            "BoundPYTD": 164
        },
        {
            "Company": "Small Retail Division",
            "Division": "Chubb Small Commercial",
            "Unit": null,
            "Segment": null,
            "RetenstionPremium": 73.2,
            "RetenstionCount": 85.2,
            "RetensionCYTD": 7521750,
            "LostPYTD": null,
            "PendingCYTD": 10,
            "PendingPYTD": 0,
            "QuotedCYTD": 0,
            "QuotedPYTD": 0,
            "BoundCYTD": 10,
            "BoundPYTD": 5
        },
        {
            "Company": "Commercial Insurance Division",
            "Division": "Environmental - Commercial",
            "Unit": null,
            "Segment": null,
            "RetenstionPremium": 24.4,
            "RetenstionCount": 28.4,
            "RetensionCYTD": 2507250,
            "LostPYTD": 6202,
            "PendingCYTD": 1,
            "PendingPYTD": 0,
            "QuotedCYTD": 2,
            "QuotedPYTD": 1,
            "BoundCYTD": 0,
            "BoundPYTD": 7
        },
        {
            "Company": "Major Accounts Division",
            "Division": "Environmental - Major",
            "Unit": null,
            "Segment": null,
            "RetenstionPremium": 12.2,
            "RetenstionCount": 14.2,
            "RetensionCYTD": 1253625,
            "LostPYTD": null,
            "PendingCYTD": 0,
            "PendingPYTD": null,
            "QuotedCYTD": 1,
            "QuotedPYTD": null,
            "BoundCYTD": 0,
            "BoundPYTD": null
        },
        {
            "Company": "Commercial Insurance Division",
            "Division": "Excess-Casualty - Commercial",
            "Unit": null,
            "Segment": null,
            "RetenstionPremium": 24.4,
            "RetenstionCount": 28.4,
            "RetensionCYTD": 2507250,
            "LostPYTD": null,
            "PendingCYTD": 1,
            "PendingPYTD": 0,
            "QuotedCYTD": 12,
            "QuotedPYTD": 1,
            "BoundCYTD": 14,
            "BoundPYTD": 35
        },
        {
            "Company": "Major Accounts Division",
            "Division": "Excess-Casualty - Major",
            "Unit": null,
            "Segment": null,
            "RetenstionPremium": 12.2,
            "RetenstionCount": 14.2,
            "RetensionCYTD": 1253625,
            "LostPYTD": null,
            "PendingCYTD": 0,
            "PendingPYTD": 0,
            "QuotedCYTD": 0,
            "QuotedPYTD": 0,
            "BoundCYTD": 0,
            "BoundPYTD": 1
        },
        {
            "Company": "Major Accounts Division",
            "Division": "Foreign Casualty Group",
            "Unit": null,
            "Segment": null,
            "RetenstionPremium": 36.599999999999994,
            "RetenstionCount": 42.599999999999994,
            "RetensionCYTD": 3760875,
            "LostPYTD": 199134,
            "PendingCYTD": 18,
            "PendingPYTD": 2,
            "QuotedCYTD": 9,
            "QuotedPYTD": 0,
            "BoundCYTD": 4,
            "BoundPYTD": 16
        },
        {
            "Company": "Commercial Insurance Division",
            "Division": "Multinational Casualty - Commercial",
            "Unit": null,
            "Segment": null,
            "RetenstionPremium": 24.4,
            "RetenstionCount": 28.4,
            "RetensionCYTD": 2507250,
            "LostPYTD": null,
            "PendingCYTD": 2,
            "PendingPYTD": 0,
            "QuotedCYTD": 3,
            "QuotedPYTD": 0,
            "BoundCYTD": 4,
            "BoundPYTD": 8
        },
        {
            "Company": "Commercial Insurance Division",
            "Division": "Professional-Risk - Commercial",
            "Unit": null,
            "Segment": null,
            "RetenstionPremium": 97.600000000000009,
            "RetenstionCount": 113.60000000000001,
            "RetensionCYTD": 10029000,
            "LostPYTD": 3499,
            "PendingCYTD": 64,
            "PendingPYTD": 1,
            "QuotedCYTD": 10,
            "QuotedPYTD": 5,
            "BoundCYTD": 70,
            "BoundPYTD": 82
        },
        {
            "Company": "Major Accounts Division",
            "Division": "Professional-Risk - Major",
            "Unit": null,
            "Segment": null,
            "RetenstionPremium": 73.2,
            "RetenstionCount": 85.2,
            "RetensionCYTD": 7521750,
            "LostPYTD": null,
            "PendingCYTD": 14,
            "PendingPYTD": 1,
            "QuotedCYTD": 1,
            "QuotedPYTD": 1,
            "BoundCYTD": 18,
            "BoundPYTD": 11
        },
        {
            "Company": "Small Retail Division",
            "Division": "Professional-Risk - Small Retail",
            "Unit": null,
            "Segment": null,
            "RetenstionPremium": 73.2,
            "RetenstionCount": 85.2,
            "RetensionCYTD": 7521750,
            "LostPYTD": null,
            "PendingCYTD": 21,
            "PendingPYTD": 0,
            "QuotedCYTD": 2,
            "QuotedPYTD": 7,
            "BoundCYTD": 23,
            "BoundPYTD": 35
        },
        {
            "Company": "Commercial Insurance Division",
            "Division": "Property & Specialty - Commercial",
            "Unit": null,
            "Segment": null,
            "RetenstionPremium": 12.2,
            "RetenstionCount": 14.2,
            "RetensionCYTD": 1253625,
            "LostPYTD": null,
            "PendingCYTD": 20,
            "PendingPYTD": 0,
            "QuotedCYTD": 0,
            "QuotedPYTD": 0,
            "BoundCYTD": 25,
            "BoundPYTD": 42
        },
        {
            "Company": "Major Accounts Division",
            "Division": "Real estate & Primary Cas.",
            "Unit": null,
            "Segment": null,
            "RetenstionPremium": 12.2,
            "RetenstionCount": 14.2,
            "RetensionCYTD": 1253625,
            "LostPYTD": null,
            "PendingCYTD": 1,
            "PendingPYTD": 0,
            "QuotedCYTD": 0,
            "QuotedPYTD": 0,
            "BoundCYTD": 0,
            "BoundPYTD": 1
        },
        {
            "Company": "Major Accounts Division",
            "Division": "Risk Mgmt Group",
            "Unit": null,
            "Segment": null,
            "RetenstionPremium": 12.2,
            "RetenstionCount": 14.2,
            "RetensionCYTD": 1253625,
            "LostPYTD": 822985,
            "PendingCYTD": 0,
            "PendingPYTD": 0,
            "QuotedCYTD": 1,
            "QuotedPYTD": 1,
            "BoundCYTD": 1,
            "BoundPYTD": 2
        },
        {
            "Company": "Small Retail Division",
            "Division": "Specialty Lines",
            "Unit": null,
            "Segment": null,
            "RetenstionPremium": 12.2,
            "RetenstionCount": 14.2,
            "RetensionCYTD": 1253625,
            "LostPYTD": null,
            "PendingCYTD": 0,
            "PendingPYTD": 0,
            "QuotedCYTD": 4,
            "QuotedPYTD": 0,
            "BoundCYTD": 0,
            "BoundPYTD": 1
        },
        {
            "Company": "Major Accounts Division",
            "Division": "Surety - Major",
            "Unit": null,
            "Segment": null,
            "RetenstionPremium": 48.8,
            "RetenstionCount": 56.8,
            "RetensionCYTD": 5014500,
            "LostPYTD": null,
            "PendingCYTD": 0,
            "PendingPYTD": 0,
            "QuotedCYTD": 0,
            "QuotedPYTD": 0,
            "BoundCYTD": 26,
            "BoundPYTD": 11
        },
        {
            "Company": "Wholesale/Excess & Surplus Division",
            "Division": "Wholesale-Professional",
            "Unit": null,
            "Segment": null,
            "RetenstionPremium": 97.600000000000009,
            "RetenstionCount": 113.60000000000001,
            "RetensionCYTD": 10029000,
            "LostPYTD": 435118,
            "PendingCYTD": 170,
            "PendingPYTD": 0,
            "QuotedCYTD": 80,
            "QuotedPYTD": 12,
            "BoundCYTD": 147,
            "BoundPYTD": 89
        },
        {
            "Company": "DivisiomTotal",
            "Division": null,
            "Unit": null,
            "Segment": null,
            "RetenstionPremium": 817.40000000000089,
            "RetenstionCount": 951.40000000000111,
            "RetensionCYTD": 83992875,
            "LostPYTD": 1481466,
            "PendingCYTD": 448,
            "PendingPYTD": 16,
            "QuotedCYTD": 127,
            "QuotedPYTD": 41,
            "BoundCYTD": 448,
            "BoundPYTD": 530
        },
        {
            "Company": null,
            "Division": null,
            "Unit": null,
            "Segment": null,
            "RetenstionPremium": null,
            "RetenstionCount": null,
            "RetensionCYTD": null,
            "LostPYTD": null,
            "PendingCYTD": null,
            "PendingPYTD": 1,
            "QuotedCYTD": null,
            "QuotedPYTD": 10,
            "BoundCYTD": null,
            "BoundPYTD": 5
        },
        {
            "Company": "Commercial Insurance Division",
            "Division": "A&H - Commercial",
            "Unit": "A&H",
            "Segment": null,
            "RetenstionPremium": 12.2,
            "RetenstionCount": 14.2,
            "RetensionCYTD": 1253625,
            "LostPYTD": null,
            "PendingCYTD": 2,
            "PendingPYTD": null,
            "QuotedCYTD": 0,
            "QuotedPYTD": null,
            "BoundCYTD": 0,
            "BoundPYTD": null
        },
        {
            "Company": "Commercial Insurance Division",
            "Division": "A&H - Commercial",
            "Unit": "Retail Business",
            "Segment": null,
            "RetenstionPremium": 12.2,
            "RetenstionCount": 14.2,
            "RetensionCYTD": 1253625,
            "LostPYTD": null,
            "PendingCYTD": 5,
            "PendingPYTD": 0,
            "QuotedCYTD": 0,
            "QuotedPYTD": 0,
            "BoundCYTD": 9,
            "BoundPYTD": 9
        },
        {
            "Company": "Commercial Insurance Division",
            "Division": "Aerospace",
            "Unit": "Aerospace",
            "Segment": null,
            "RetenstionPremium": 12.2,
            "RetenstionCount": 14.2,
            "RetensionCYTD": 1253625,
            "LostPYTD": null,
            "PendingCYTD": 0,
            "PendingPYTD": 0,
            "QuotedCYTD": 1,
            "QuotedPYTD": 0,
            "BoundCYTD": 0,
            "BoundPYTD": 1
        },
        {
            "Company": "Commercial Insurance Division",
            "Division": "Chubb Commercial Insurance Division",
            "Unit": "Chubb Commercial Insurance Division",
            "Segment": null,
            "RetenstionPremium": 85.4,
            "RetenstionCount": 99.4,
            "RetensionCYTD": 8775375,
            "LostPYTD": 14528,
            "PendingCYTD": 104,
            "PendingPYTD": 11,
            "QuotedCYTD": 0,
            "QuotedPYTD": 3,
            "BoundCYTD": 94,
            "BoundPYTD": 164
        },
        {
            "Company": "Commercial Insurance Division",
            "Division": "Environmental - Commercial",
            "Unit": "Environmental",
            "Segment": null,
            "RetenstionPremium": 24.4,
            "RetenstionCount": 28.4,
            "RetensionCYTD": 2507250,
            "LostPYTD": 6202,
            "PendingCYTD": 1,
            "PendingPYTD": 0,
            "QuotedCYTD": 2,
            "QuotedPYTD": 1,
            "BoundCYTD": 0,
            "BoundPYTD": 7
        },
        {
            "Company": "Commercial Insurance Division",
            "Division": "Excess-Casualty - Commercial",
            "Unit": "Excess-Casualty",
            "Segment": null,
            "RetenstionPremium": 24.4,
            "RetenstionCount": 28.4,
            "RetensionCYTD": 2507250,
            "LostPYTD": null,
            "PendingCYTD": 1,
            "PendingPYTD": 0,
            "QuotedCYTD": 12,
            "QuotedPYTD": 1,
            "BoundCYTD": 14,
            "BoundPYTD": 35
        },
        {
            "Company": "Commercial Insurance Division",
            "Division": "Multinational Casualty - Commercial",
            "Unit": "Advantage",
            "Segment": null,
            "RetenstionPremium": 24.4,
            "RetenstionCount": 28.4,
            "RetensionCYTD": 2507250,
            "LostPYTD": null,
            "PendingCYTD": 2,
            "PendingPYTD": 0,
            "QuotedCYTD": 3,
            "QuotedPYTD": 0,
            "BoundCYTD": 4,
            "BoundPYTD": 8
        },
        {
            "Company": "Commercial Insurance Division",
            "Division": "Professional-Risk - Commercial",
            "Unit": "Chubb Commercial Insurance Division",
            "Segment": null,
            "RetenstionPremium": 61,
            "RetenstionCount": 71,
            "RetensionCYTD": 6268125,
            "LostPYTD": 3499,
            "PendingCYTD": 63,
            "PendingPYTD": 1,
            "QuotedCYTD": 6,
            "QuotedPYTD": 2,
            "BoundCYTD": 20,
            "BoundPYTD": 74
        },
        {
            "Company": "Commercial Insurance Division",
            "Division": "Professional-Risk - Commercial",
            "Unit": "Professional and Management Liability",
            "Segment": null,
            "RetenstionPremium": 36.599999999999994,
            "RetenstionCount": 42.599999999999994,
            "RetensionCYTD": 3760875,
            "LostPYTD": null,
            "PendingCYTD": 1,
            "PendingPYTD": 0,
            "QuotedCYTD": 4,
            "QuotedPYTD": 3,
            "BoundCYTD": 50,
            "BoundPYTD": 8
        },
        {
            "Company": "Commercial Insurance Division",
            "Division": "Property & Specialty - Commercial",
            "Unit": "Property",
            "Segment": null,
            "RetenstionPremium": 12.2,
            "RetenstionCount": 14.2,
            "RetensionCYTD": 1253625,
            "LostPYTD": null,
            "PendingCYTD": 20,
            "PendingPYTD": 0,
            "QuotedCYTD": 0,
            "QuotedPYTD": 0,
            "BoundCYTD": 25,
            "BoundPYTD": 42
        },
        {
            "Company": "Major Accounts Division",
            "Division": "A&H - Major",
            "Unit": "Affinity Markets",
            "Segment": null,
            "RetenstionPremium": 12.2,
            "RetenstionCount": 14.2,
            "RetensionCYTD": 1253625,
            "LostPYTD": null,
            "PendingCYTD": 0,
            "PendingPYTD": 0,
            "QuotedCYTD": 0,
            "QuotedPYTD": 0,
            "BoundCYTD": 2,
            "BoundPYTD": 2
        },
        {
            "Company": "Major Accounts Division",
            "Division": "A&H - Major",
            "Unit": "Retail Business",
            "Segment": null,
            "RetenstionPremium": 36.599999999999994,
            "RetenstionCount": 42.599999999999994,
            "RetensionCYTD": 3760875,
            "LostPYTD": null,
            "PendingCYTD": 15,
            "PendingPYTD": 0,
            "QuotedCYTD": 1,
            "QuotedPYTD": 0,
            "BoundCYTD": 1,
            "BoundPYTD": 3
        },
        {
            "Company": "Major Accounts Division",
            "Division": "Environmental - Major",
            "Unit": "Environmental",
            "Segment": null,
            "RetenstionPremium": 12.2,
            "RetenstionCount": 14.2,
            "RetensionCYTD": 1253625,
            "LostPYTD": null,
            "PendingCYTD": 0,
            "PendingPYTD": null,
            "QuotedCYTD": 1,
            "QuotedPYTD": null,
            "BoundCYTD": 0,
            "BoundPYTD": null
        },
        {
            "Company": "Major Accounts Division",
            "Division": "Excess-Casualty - Major",
            "Unit": "Excess-Casualty",
            "Segment": null,
            "RetenstionPremium": 12.2,
            "RetenstionCount": 14.2,
            "RetensionCYTD": 1253625,
            "LostPYTD": null,
            "PendingCYTD": 0,
            "PendingPYTD": 0,
            "QuotedCYTD": 0,
            "QuotedPYTD": 0,
            "BoundCYTD": 0,
            "BoundPYTD": 1
        },
        {
            "Company": "Major Accounts Division",
            "Division": "Foreign Casualty Group",
            "Unit": "Advantage",
            "Segment": null,
            "RetenstionPremium": 12.2,
            "RetenstionCount": 14.2,
            "RetensionCYTD": 1253625,
            "LostPYTD": null,
            "PendingCYTD": 1,
            "PendingPYTD": 0,
            "QuotedCYTD": 0,
            "QuotedPYTD": 0,
            "BoundCYTD": 0,
            "BoundPYTD": 2
        },
        {
            "Company": "Major Accounts Division",
            "Division": "Foreign Casualty Group",
            "Unit": "USUS",
            "Segment": null,
            "RetenstionPremium": 24.4,
            "RetenstionCount": 28.4,
            "RetensionCYTD": 2507250,
            "LostPYTD": 199134,
            "PendingCYTD": 17,
            "PendingPYTD": 2,
            "QuotedCYTD": 9,
            "QuotedPYTD": 0,
            "BoundCYTD": 4,
            "BoundPYTD": 14
        },
        {
            "Company": "Major Accounts Division",
            "Division": "Professional-Risk - Major",
            "Unit": "Chubb Major Accounts Division",
            "Segment": null,
            "RetenstionPremium": 36.599999999999994,
            "RetenstionCount": 42.599999999999994,
            "RetensionCYTD": 3760875,
            "LostPYTD": null,
            "PendingCYTD": 13,
            "PendingPYTD": 0,
            "QuotedCYTD": 0,
            "QuotedPYTD": 1,
            "BoundCYTD": 0,
            "BoundPYTD": 7
        },
        {
            "Company": "Major Accounts Division",
            "Division": "Professional-Risk - Major",
            "Unit": "Professional and Management Liability",
            "Segment": null,
            "RetenstionPremium": 36.599999999999994,
            "RetenstionCount": 42.599999999999994,
            "RetensionCYTD": 3760875,
            "LostPYTD": null,
            "PendingCYTD": 1,
            "PendingPYTD": 1,
            "QuotedCYTD": 1,
            "QuotedPYTD": 0,
            "BoundCYTD": 18,
            "BoundPYTD": 4
        },
        {
            "Company": "Major Accounts Division",
            "Division": "Real estate & Primary Cas.",
            "Unit": "Primary Casualty",
            "Segment": null,
            "RetenstionPremium": 12.2,
            "RetenstionCount": 14.2,
            "RetensionCYTD": 1253625,
            "LostPYTD": null,
            "PendingCYTD": 1,
            "PendingPYTD": 0,
            "QuotedCYTD": 0,
            "QuotedPYTD": 0,
            "BoundCYTD": 0,
            "BoundPYTD": 1
        },
        {
            "Company": "Major Accounts Division",
            "Division": "Risk Mgmt Group",
            "Unit": "Risk Mgmt",
            "Segment": null,
            "RetenstionPremium": 12.2,
            "RetenstionCount": 14.2,
            "RetensionCYTD": 1253625,
            "LostPYTD": 822985,
            "PendingCYTD": 0,
            "PendingPYTD": 0,
            "QuotedCYTD": 1,
            "QuotedPYTD": 1,
            "BoundCYTD": 1,
            "BoundPYTD": 2
        },
        {
            "Company": "Major Accounts Division",
            "Division": "Surety - Major",
            "Unit": "Surety Commercial",
            "Segment": null,
            "RetenstionPremium": 12.2,
            "RetenstionCount": 14.2,
            "RetensionCYTD": 1253625,
            "LostPYTD": null,
            "PendingCYTD": 0,
            "PendingPYTD": 0,
            "QuotedCYTD": 0,
            "QuotedPYTD": 0,
            "BoundCYTD": 17,
            "BoundPYTD": 11
        },
        {
            "Company": "Major Accounts Division",
            "Division": "Surety - Major",
            "Unit": "Surety Construction",
            "Segment": null,
            "RetenstionPremium": 24.4,
            "RetenstionCount": 28.4,
            "RetensionCYTD": 2507250,
            "LostPYTD": null,
            "PendingCYTD": 0,
            "PendingPYTD": null,
            "QuotedCYTD": 0,
            "QuotedPYTD": null,
            "BoundCYTD": 8,
            "BoundPYTD": null
        },
        {
            "Company": "Major Accounts Division",
            "Division": "Surety - Major",
            "Unit": "Surety Run-Off",
            "Segment": null,
            "RetenstionPremium": 12.2,
            "RetenstionCount": 14.2,
            "RetensionCYTD": 1253625,
            "LostPYTD": null,
            "PendingCYTD": 0,
            "PendingPYTD": null,
            "QuotedCYTD": 0,
            "QuotedPYTD": null,
            "BoundCYTD": 1,
            "BoundPYTD": null
        },
        {
            "Company": "Small Retail Division",
            "Division": "Chubb Small Commercial",
            "Unit": "Chubb Small Commercial",
            "Segment": null,
            "RetenstionPremium": 73.2,
            "RetenstionCount": 85.2,
            "RetensionCYTD": 7521750,
            "LostPYTD": null,
            "PendingCYTD": 10,
            "PendingPYTD": 0,
            "QuotedCYTD": 0,
            "QuotedPYTD": 0,
            "BoundCYTD": 10,
            "BoundPYTD": 5
        },
        {
            "Company": "Small Retail Division",
            "Division": "Professional-Risk - Small Retail",
            "Unit": "Chubb Small Commercial",
            "Segment": null,
            "RetenstionPremium": 36.599999999999994,
            "RetenstionCount": 42.599999999999994,
            "RetensionCYTD": 3760875,
            "LostPYTD": null,
            "PendingCYTD": 20,
            "PendingPYTD": 0,
            "QuotedCYTD": 0,
            "QuotedPYTD": 6,
            "BoundCYTD": 21,
            "BoundPYTD": 32
        },
        {
            "Company": "Small Retail Division",
            "Division": "Professional-Risk - Small Retail",
            "Unit": "Professional and Management Liability",
            "Segment": null,
            "RetenstionPremium": 36.599999999999994,
            "RetenstionCount": 42.599999999999994,
            "RetensionCYTD": 3760875,
            "LostPYTD": null,
            "PendingCYTD": 1,
            "PendingPYTD": 0,
            "QuotedCYTD": 2,
            "QuotedPYTD": 1,
            "BoundCYTD": 2,
            "BoundPYTD": 3
        },
        {
            "Company": "Small Retail Division",
            "Division": "Specialty Lines",
            "Unit": "P&C",
            "Segment": null,
            "RetenstionPremium": 12.2,
            "RetenstionCount": 14.2,
            "RetensionCYTD": 1253625,
            "LostPYTD": null,
            "PendingCYTD": 0,
            "PendingPYTD": 0,
            "QuotedCYTD": 4,
            "QuotedPYTD": 0,
            "BoundCYTD": 0,
            "BoundPYTD": 1
        },
        {
            "Company": "Wholesale/Excess & Surplus Division",
            "Division": "Wholesale-Professional",
            "Unit": "Chubb Wholesale-Management",
            "Segment": null,
            "RetenstionPremium": 24.4,
            "RetenstionCount": 28.4,
            "RetensionCYTD": 2507250,
            "LostPYTD": null,
            "PendingCYTD": 9,
            "PendingPYTD": 0,
            "QuotedCYTD": 0,
            "QuotedPYTD": 0,
            "BoundCYTD": 1,
            "BoundPYTD": 8
        },
        {
            "Company": "Wholesale/Excess & Surplus Division",
            "Division": "Wholesale-Professional",
            "Unit": "Chubb Wholesale-Professional",
            "Segment": null,
            "RetenstionPremium": 12.2,
            "RetenstionCount": 14.2,
            "RetensionCYTD": 1253625,
            "LostPYTD": null,
            "PendingCYTD": 1,
            "PendingPYTD": 0,
            "QuotedCYTD": 0,
            "QuotedPYTD": 0,
            "BoundCYTD": 0,
            "BoundPYTD": 1
        },
        {
            "Company": "Wholesale/Excess & Surplus Division",
            "Division": "Wholesale-Professional",
            "Unit": "Wholesale-Management",
            "Segment": null,
            "RetenstionPremium": 36.599999999999994,
            "RetenstionCount": 42.599999999999994,
            "RetensionCYTD": 3760875,
            "LostPYTD": 435118,
            "PendingCYTD": 159,
            "PendingPYTD": 0,
            "QuotedCYTD": 80,
            "QuotedPYTD": 12,
            "BoundCYTD": 134,
            "BoundPYTD": 78
        },
        {
            "Company": "Wholesale/Excess & Surplus Division",
            "Division": "Wholesale-Professional",
            "Unit": "Wholesale-Professional",
            "Segment": null,
            "RetenstionPremium": 24.4,
            "RetenstionCount": 28.4,
            "RetensionCYTD": 2507250,
            "LostPYTD": null,
            "PendingCYTD": 1,
            "PendingPYTD": 0,
            "QuotedCYTD": 0,
            "QuotedPYTD": 0,
            "BoundCYTD": 12,
            "BoundPYTD": 2
        },
        {
            "Company": "UnitTotal",
            "Division": null,
            "Unit": null,
            "Segment": null,
            "RetenstionPremium": 817.40000000000089,
            "RetenstionCount": 951.40000000000111,
            "RetensionCYTD": 83992875,
            "LostPYTD": 1481466,
            "PendingCYTD": 448,
            "PendingPYTD": 16,
            "QuotedCYTD": 127,
            "QuotedPYTD": 41,
            "BoundCYTD": 448,
            "BoundPYTD": 530
        },
        {
            "Company": null,
            "Division": null,
            "Unit": null,
            "Segment": null,
            "RetenstionPremium": null,
            "RetenstionCount": null,
            "RetensionCYTD": null,
            "LostPYTD": null,
            "PendingCYTD": null,
            "PendingPYTD": 1,
            "QuotedCYTD": null,
            "QuotedPYTD": 10,
            "BoundCYTD": null,
            "BoundPYTD": 5
        },
        {
            "Company": "Commercial Insurance Division",
            "Division": "A&H - Commercial",
            "Unit": "A&H",
            "Segment": "A&H - Middle Market",
            "RetenstionPremium": 12.2,
            "RetenstionCount": 14.2,
            "RetensionCYTD": 1253625,
            "LostPYTD": null,
            "PendingCYTD": 2,
            "PendingPYTD": null,
            "QuotedCYTD": 0,
            "QuotedPYTD": null,
            "BoundCYTD": 0,
            "BoundPYTD": null
        },
        {
            "Company": "Commercial Insurance Division",
            "Division": "A&H - Commercial",
            "Unit": "Retail Business",
            "Segment": "Employee Benefits",
            "RetenstionPremium": 12.2,
            "RetenstionCount": 14.2,
            "RetensionCYTD": 1253625,
            "LostPYTD": null,
            "PendingCYTD": 5,
            "PendingPYTD": 0,
            "QuotedCYTD": 0,
            "QuotedPYTD": 0,
            "BoundCYTD": 9,
            "BoundPYTD": 9
        },
        {
            "Company": "Commercial Insurance Division",
            "Division": "Aerospace",
            "Unit": "Aerospace",
            "Segment": "Aerospace",
            "RetenstionPremium": 12.2,
            "RetenstionCount": 14.2,
            "RetensionCYTD": 1253625,
            "LostPYTD": null,
            "PendingCYTD": 0,
            "PendingPYTD": 0,
            "QuotedCYTD": 1,
            "QuotedPYTD": 0,
            "BoundCYTD": 0,
            "BoundPYTD": 1
        },
        {
            "Company": "Commercial Insurance Division",
            "Division": "Chubb Commercial Insurance Division",
            "Unit": "Chubb Commercial Insurance Division",
            "Segment": "Chubb Auto GL",
            "RetenstionPremium": 12.2,
            "RetenstionCount": 14.2,
            "RetensionCYTD": 1253625,
            "LostPYTD": null,
            "PendingCYTD": 12,
            "PendingPYTD": 0,
            "QuotedCYTD": 0,
            "QuotedPYTD": 0,
            "BoundCYTD": 19,
            "BoundPYTD": 27
        },
        {
            "Company": "Commercial Insurance Division",
            "Division": "Chubb Commercial Insurance Division",
            "Unit": "Chubb Commercial Insurance Division",
            "Segment": "Chubb Casualty",
            "RetenstionPremium": 12.2,
            "RetenstionCount": 14.2,
            "RetensionCYTD": 1253625,
            "LostPYTD": 3497,
            "PendingCYTD": 44,
            "PendingPYTD": 11,
            "QuotedCYTD": 0,
            "QuotedPYTD": 3,
            "BoundCYTD": 37,
            "BoundPYTD": 55
        },
        {
            "Company": "Commercial Insurance Division",
            "Division": "Chubb Commercial Insurance Division",
            "Unit": "Chubb Commercial Insurance Division",
            "Segment": "Chubb GL",
            "RetenstionPremium": 12.2,
            "RetenstionCount": 14.2,
            "RetensionCYTD": 1253625,
            "LostPYTD": null,
            "PendingCYTD": 8,
            "PendingPYTD": 0,
            "QuotedCYTD": 0,
            "QuotedPYTD": 0,
            "BoundCYTD": 2,
            "BoundPYTD": 12
        },
        {
            "Company": "Commercial Insurance Division",
            "Division": "Chubb Commercial Insurance Division",
            "Unit": "Chubb Commercial Insurance Division",
            "Segment": "Chubb Marine",
            "RetenstionPremium": 12.2,
            "RetenstionCount": 14.2,
            "RetensionCYTD": 1253625,
            "LostPYTD": null,
            "PendingCYTD": 2,
            "PendingPYTD": 0,
            "QuotedCYTD": 0,
            "QuotedPYTD": 0,
            "BoundCYTD": 6,
            "BoundPYTD": 10
        },
        {
            "Company": "Commercial Insurance Division",
            "Division": "Chubb Commercial Insurance Division",
            "Unit": "Chubb Commercial Insurance Division",
            "Segment": "Chubb Package Property",
            "RetenstionPremium": 12.2,
            "RetenstionCount": 14.2,
            "RetensionCYTD": 1253625,
            "LostPYTD": null,
            "PendingCYTD": 22,
            "PendingPYTD": 0,
            "QuotedCYTD": 0,
            "QuotedPYTD": 0,
            "BoundCYTD": 24,
            "BoundPYTD": 42
        },
        {
            "Company": "Commercial Insurance Division",
            "Division": "Chubb Commercial Insurance Division",
            "Unit": "Chubb Commercial Insurance Division",
            "Segment": "Chubb Property",
            "RetenstionPremium": 12.2,
            "RetenstionCount": 14.2,
            "RetensionCYTD": 1253625,
            "LostPYTD": 11031,
            "PendingCYTD": 3,
            "PendingPYTD": null,
            "QuotedCYTD": 0,
            "QuotedPYTD": null,
            "BoundCYTD": 0,
            "BoundPYTD": null
        },
        {
            "Company": "Commercial Insurance Division",
            "Division": "Chubb Commercial Insurance Division",
            "Unit": "Chubb Commercial Insurance Division",
            "Segment": "Chubb WC",
            "RetenstionPremium": 12.2,
            "RetenstionCount": 14.2,
            "RetensionCYTD": 1253625,
            "LostPYTD": null,
            "PendingCYTD": 13,
            "PendingPYTD": 0,
            "QuotedCYTD": 0,
            "QuotedPYTD": 0,
            "BoundCYTD": 6,
            "BoundPYTD": 18
        },
        {
            "Company": "Commercial Insurance Division",
            "Division": "Environmental - Commercial",
            "Unit": "Environmental",
            "Segment": "Commercial - PPL",
            "RetenstionPremium": 12.2,
            "RetenstionCount": 14.2,
            "RetensionCYTD": 1253625,
            "LostPYTD": null,
            "PendingCYTD": 1,
            "PendingPYTD": 0,
            "QuotedCYTD": 1,
            "QuotedPYTD": 1,
            "BoundCYTD": 0,
            "BoundPYTD": 1
        },
        {
            "Company": "Commercial Insurance Division",
            "Division": "Environmental - Commercial",
            "Unit": "Environmental",
            "Segment": "Commercial - Tanks",
            "RetenstionPremium": 12.2,
            "RetenstionCount": 14.2,
            "RetensionCYTD": 1253625,
            "LostPYTD": 6202,
            "PendingCYTD": 0,
            "PendingPYTD": 0,
            "QuotedCYTD": 1,
            "QuotedPYTD": 0,
            "BoundCYTD": 0,
            "BoundPYTD": 6
        },
        {
            "Company": "Commercial Insurance Division",
            "Division": "Excess-Casualty - Commercial",
            "Unit": "Excess-Casualty",
            "Segment": "Commercial - Corporate Risk",
            "RetenstionPremium": 12.2,
            "RetenstionCount": 14.2,
            "RetensionCYTD": 1253625,
            "LostPYTD": null,
            "PendingCYTD": 0,
            "PendingPYTD": 0,
            "QuotedCYTD": 1,
            "QuotedPYTD": 1,
            "BoundCYTD": 0,
            "BoundPYTD": 1
        },
        {
            "Company": "Commercial Insurance Division",
            "Division": "Excess-Casualty - Commercial",
            "Unit": "Excess-Casualty",
            "Segment": "Middle Market",
            "RetenstionPremium": 12.2,
            "RetenstionCount": 14.2,
            "RetensionCYTD": 1253625,
            "LostPYTD": null,
            "PendingCYTD": 1,
            "PendingPYTD": 0,
            "QuotedCYTD": 11,
            "QuotedPYTD": 0,
            "BoundCYTD": 14,
            "BoundPYTD": 34
        },
        {
            "Company": "Commercial Insurance Division",
            "Division": "Multinational Casualty - Commercial",
            "Unit": "Advantage",
            "Segment": "Commercial - Express",
            "RetenstionPremium": 12.2,
            "RetenstionCount": 14.2,
            "RetensionCYTD": 1253625,
            "LostPYTD": null,
            "PendingCYTD": 0,
            "PendingPYTD": 0,
            "QuotedCYTD": 0,
            "QuotedPYTD": 0,
            "BoundCYTD": 4,
            "BoundPYTD": 3
        },
        {
            "Company": "Commercial Insurance Division",
            "Division": "Multinational Casualty - Commercial",
            "Unit": "Advantage",
            "Segment": "Commercial - Package",
            "RetenstionPremium": 12.2,
            "RetenstionCount": 14.2,
            "RetensionCYTD": 1253625,
            "LostPYTD": null,
            "PendingCYTD": 2,
            "PendingPYTD": 0,
            "QuotedCYTD": 3,
            "QuotedPYTD": 0,
            "BoundCYTD": 0,
            "BoundPYTD": 5
        },
        {
            "Company": "Commercial Insurance Division",
            "Division": "Professional-Risk - Commercial",
            "Unit": "Chubb Commercial Insurance Division",
            "Segment": "Commercial - Cyber",
            "RetenstionPremium": 12.2,
            "RetenstionCount": 14.2,
            "RetensionCYTD": 1253625,
            "LostPYTD": null,
            "PendingCYTD": 1,
            "PendingPYTD": null,
            "QuotedCYTD": 0,
            "QuotedPYTD": null,
            "BoundCYTD": 0,
            "BoundPYTD": null
        },
        {
            "Company": "Commercial Insurance Division",
            "Division": "Professional-Risk - Commercial",
            "Unit": "Chubb Commercial Insurance Division",
            "Segment": "Commercial - Financial Institutions",
            "RetenstionPremium": 12.2,
            "RetenstionCount": 14.2,
            "RetensionCYTD": 1253625,
            "LostPYTD": null,
            "PendingCYTD": 3,
            "PendingPYTD": 0,
            "QuotedCYTD": 0,
            "QuotedPYTD": 0,
            "BoundCYTD": 0,
            "BoundPYTD": 2
        },
        {
            "Company": "Commercial Insurance Division",
            "Division": "Professional-Risk - Commercial",
            "Unit": "Chubb Commercial Insurance Division",
            "Segment": "Commercial - Management Liability",
            "RetenstionPremium": 12.2,
            "RetenstionCount": 14.2,
            "RetensionCYTD": 1253625,
            "LostPYTD": null,
            "PendingCYTD": 1,
            "PendingPYTD": 1,
            "QuotedCYTD": 0,
            "QuotedPYTD": 0,
            "BoundCYTD": 0,
            "BoundPYTD": 0
        },
        {
            "Company": "Commercial Insurance Division",
            "Division": "Professional-Risk - Commercial",
            "Unit": "Chubb Commercial Insurance Division",
            "Segment": "Commercial - Private Company/NFP",
            "RetenstionPremium": 12.2,
            "RetenstionCount": 14.2,
            "RetensionCYTD": 1253625,
            "LostPYTD": 3499,
            "PendingCYTD": 54,
            "PendingPYTD": 0,
            "QuotedCYTD": 6,
            "QuotedPYTD": 0,
            "BoundCYTD": 20,
            "BoundPYTD": 67
        },
        {
            "Company": "Commercial Insurance Division",
            "Division": "Professional-Risk - Commercial",
            "Unit": "Chubb Commercial Insurance Division",
            "Segment": "Commercial - Professional Liability",
            "RetenstionPremium": 12.2,
            "RetenstionCount": 14.2,
            "RetensionCYTD": 1253625,
            "LostPYTD": null,
            "PendingCYTD": 4,
            "PendingPYTD": 0,
            "QuotedCYTD": 0,
            "QuotedPYTD": 2,
            "BoundCYTD": 0,
            "BoundPYTD": 5
        },
        {
            "Company": "Commercial Insurance Division",
            "Division": "Professional-Risk - Commercial",
            "Unit": "Professional and Management Liability",
            "Segment": "Commercial - Cyber",
            "RetenstionPremium": 12.2,
            "RetenstionCount": 14.2,
            "RetensionCYTD": 1253625,
            "LostPYTD": null,
            "PendingCYTD": 1,
            "PendingPYTD": 0,
            "QuotedCYTD": 3,
            "QuotedPYTD": 1,
            "BoundCYTD": 0,
            "BoundPYTD": 5
        },
        {
            "Company": "Commercial Insurance Division",
            "Division": "Professional-Risk - Commercial",
            "Unit": "Professional and Management Liability",
            "Segment": "Commercial - Private Company/NFP",
            "RetenstionPremium": 12.2,
            "RetenstionCount": 14.2,
            "RetensionCYTD": 1253625,
            "LostPYTD": null,
            "PendingCYTD": 0,
            "PendingPYTD": 0,
            "QuotedCYTD": 0,
            "QuotedPYTD": 2,
            "BoundCYTD": 47,
            "BoundPYTD": 0
        },
        {
            "Company": "Commercial Insurance Division",
            "Division": "Professional-Risk - Commercial",
            "Unit": "Professional and Management Liability",
            "Segment": "Commercial - Professional Liability",
            "RetenstionPremium": 12.2,
            "RetenstionCount": 14.2,
            "RetensionCYTD": 1253625,
            "LostPYTD": null,
            "PendingCYTD": 0,
            "PendingPYTD": 0,
            "QuotedCYTD": 1,
            "QuotedPYTD": 0,
            "BoundCYTD": 3,
            "BoundPYTD": 3
        },
        {
            "Company": "Commercial Insurance Division",
            "Division": "Property & Specialty - Commercial",
            "Unit": "Property",
            "Segment": "Commercial - Property",
            "RetenstionPremium": 12.2,
            "RetenstionCount": 14.2,
            "RetensionCYTD": 1253625,
            "LostPYTD": null,
            "PendingCYTD": 20,
            "PendingPYTD": 0,
            "QuotedCYTD": 0,
            "QuotedPYTD": 0,
            "BoundCYTD": 25,
            "BoundPYTD": 42
        },
        {
            "Company": "Major Accounts Division",
            "Division": "A&H - Major",
            "Unit": "Affinity Markets",
            "Segment": "Other Affinity",
            "RetenstionPremium": 12.2,
            "RetenstionCount": 14.2,
            "RetensionCYTD": 1253625,
            "LostPYTD": null,
            "PendingCYTD": 0,
            "PendingPYTD": 0,
            "QuotedCYTD": 0,
            "QuotedPYTD": 0,
            "BoundCYTD": 2,
            "BoundPYTD": 2
        },
        {
            "Company": "Major Accounts Division",
            "Division": "A&H - Major",
            "Unit": "Retail Business",
            "Segment": "Ancillary Benefits",
            "RetenstionPremium": 12.2,
            "RetenstionCount": 14.2,
            "RetensionCYTD": 1253625,
            "LostPYTD": null,
            "PendingCYTD": 15,
            "PendingPYTD": 0,
            "QuotedCYTD": 0,
            "QuotedPYTD": 0,
            "BoundCYTD": 0,
            "BoundPYTD": 2
        },
        {
            "Company": "Major Accounts Division",
            "Division": "A&H - Major",
            "Unit": "Retail Business",
            "Segment": "Corporate Accident & Sickness",
            "RetenstionPremium": 12.2,
            "RetenstionCount": 14.2,
            "RetensionCYTD": 1253625,
            "LostPYTD": null,
            "PendingCYTD": 0,
            "PendingPYTD": 0,
            "QuotedCYTD": 0,
            "QuotedPYTD": 0,
            "BoundCYTD": 1,
            "BoundPYTD": 1
        },
        {
            "Company": "Major Accounts Division",
            "Division": "A&H - Major",
            "Unit": "Retail Business",
            "Segment": "Major - Special Risk",
            "RetenstionPremium": 12.2,
            "RetenstionCount": 14.2,
            "RetensionCYTD": 1253625,
            "LostPYTD": null,
            "PendingCYTD": 0,
            "PendingPYTD": null,
            "QuotedCYTD": 1,
            "QuotedPYTD": null,
            "BoundCYTD": 0,
            "BoundPYTD": null
        },
        {
            "Company": "Major Accounts Division",
            "Division": "Environmental - Major",
            "Unit": "Environmental",
            "Segment": "Major - Tanks",
            "RetenstionPremium": 12.2,
            "RetenstionCount": 14.2,
            "RetensionCYTD": 1253625,
            "LostPYTD": null,
            "PendingCYTD": 0,
            "PendingPYTD": null,
            "QuotedCYTD": 1,
            "QuotedPYTD": null,
            "BoundCYTD": 0,
            "BoundPYTD": null
        },
        {
            "Company": "Major Accounts Division",
            "Division": "Excess-Casualty - Major",
            "Unit": "Excess-Casualty",
            "Segment": "National",
            "RetenstionPremium": 12.2,
            "RetenstionCount": 14.2,
            "RetensionCYTD": 1253625,
            "LostPYTD": null,
            "PendingCYTD": 0,
            "PendingPYTD": 0,
            "QuotedCYTD": 0,
            "QuotedPYTD": 0,
            "BoundCYTD": 0,
            "BoundPYTD": 1
        },
        {
            "Company": "Major Accounts Division",
            "Division": "Foreign Casualty Group",
            "Unit": "Advantage",
            "Segment": "Major - Package",
            "RetenstionPremium": 12.2,
            "RetenstionCount": 14.2,
            "RetensionCYTD": 1253625,
            "LostPYTD": null,
            "PendingCYTD": 1,
            "PendingPYTD": 0,
            "QuotedCYTD": 0,
            "QuotedPYTD": 0,
            "BoundCYTD": 0,
            "BoundPYTD": 2
        },
        {
            "Company": "Major Accounts Division",
            "Division": "Foreign Casualty Group",
            "Unit": "USUS",
            "Segment": "GAB",
            "RetenstionPremium": 12.2,
            "RetenstionCount": 14.2,
            "RetensionCYTD": 1253625,
            "LostPYTD": null,
            "PendingCYTD": 0,
            "PendingPYTD": null,
            "QuotedCYTD": 3,
            "QuotedPYTD": null,
            "BoundCYTD": 4,
            "BoundPYTD": null
        },
        {
            "Company": "Major Accounts Division",
            "Division": "Foreign Casualty Group",
            "Unit": "USUS",
            "Segment": "USUS",
            "RetenstionPremium": 12.2,
            "RetenstionCount": 14.2,
            "RetensionCYTD": 1253625,
            "LostPYTD": 199134,
            "PendingCYTD": 17,
            "PendingPYTD": 2,
            "QuotedCYTD": 6,
            "QuotedPYTD": 0,
            "BoundCYTD": 0,
            "BoundPYTD": 14
        },
        {
            "Company": "Major Accounts Division",
            "Division": "Professional-Risk - Major",
            "Unit": "Chubb Major Accounts Division",
            "Segment": "Major - Financial Institutions",
            "RetenstionPremium": 12.2,
            "RetenstionCount": 14.2,
            "RetensionCYTD": 1253625,
            "LostPYTD": null,
            "PendingCYTD": 5,
            "PendingPYTD": null,
            "QuotedCYTD": 0,
            "QuotedPYTD": null,
            "BoundCYTD": 0,
            "BoundPYTD": null
        },
        {
            "Company": "Major Accounts Division",
            "Division": "Professional-Risk - Major",
            "Unit": "Chubb Major Accounts Division",
            "Segment": "Major - Private Company/NFP",
            "RetenstionPremium": 12.2,
            "RetenstionCount": 14.2,
            "RetensionCYTD": 1253625,
            "LostPYTD": null,
            "PendingCYTD": 7,
            "PendingPYTD": 0,
            "QuotedCYTD": 0,
            "QuotedPYTD": 1,
            "BoundCYTD": 0,
            "BoundPYTD": 6
        },
        {
            "Company": "Major Accounts Division",
            "Division": "Professional-Risk - Major",
            "Unit": "Chubb Major Accounts Division",
            "Segment": "Major - Professional Liability",
            "RetenstionPremium": 12.2,
            "RetenstionCount": 14.2,
            "RetensionCYTD": 1253625,
            "LostPYTD": null,
            "PendingCYTD": 1,
            "PendingPYTD": 0,
            "QuotedCYTD": 0,
            "QuotedPYTD": 0,
            "BoundCYTD": 0,
            "BoundPYTD": 1
        },
        {
            "Company": "Major Accounts Division",
            "Division": "Professional-Risk - Major",
            "Unit": "Professional and Management Liability",
            "Segment": "Major - Cyber",
            "RetenstionPremium": 12.2,
            "RetenstionCount": 14.2,
            "RetensionCYTD": 1253625,
            "LostPYTD": null,
            "PendingCYTD": 0,
            "PendingPYTD": null,
            "QuotedCYTD": 1,
            "QuotedPYTD": null,
            "BoundCYTD": 0,
            "BoundPYTD": null
        },
        {
            "Company": "Major Accounts Division",
            "Division": "Professional-Risk - Major",
            "Unit": "Professional and Management Liability",
            "Segment": "Major - Private Company/NFP",
            "RetenstionPremium": 12.2,
            "RetenstionCount": 14.2,
            "RetensionCYTD": 1253625,
            "LostPYTD": null,
            "PendingCYTD": 1,
            "PendingPYTD": 0,
            "QuotedCYTD": 0,
            "QuotedPYTD": 0,
            "BoundCYTD": 16,
            "BoundPYTD": 2
        },
        {
            "Company": "Major Accounts Division",
            "Division": "Professional-Risk - Major",
            "Unit": "Professional and Management Liability",
            "Segment": "Major - Professional Liability",
            "RetenstionPremium": 12.2,
            "RetenstionCount": 14.2,
            "RetensionCYTD": 1253625,
            "LostPYTD": null,
            "PendingCYTD": 0,
            "PendingPYTD": 1,
            "QuotedCYTD": 0,
            "QuotedPYTD": 0,
            "BoundCYTD": 2,
            "BoundPYTD": 2
        },
        {
            "Company": "Major Accounts Division",
            "Division": "Real estate & Primary Cas.",
            "Unit": "Primary Casualty",
            "Segment": "Primary Casualty",
            "RetenstionPremium": 12.2,
            "RetenstionCount": 14.2,
            "RetensionCYTD": 1253625,
            "LostPYTD": null,
            "PendingCYTD": 1,
            "PendingPYTD": 0,
            "QuotedCYTD": 0,
            "QuotedPYTD": 0,
            "BoundCYTD": 0,
            "BoundPYTD": 1
        },
        {
            "Company": "Major Accounts Division",
            "Division": "Risk Mgmt Group",
            "Unit": "Risk Mgmt",
            "Segment": "Commercial - Major",
            "RetenstionPremium": 12.2,
            "RetenstionCount": 14.2,
            "RetensionCYTD": 1253625,
            "LostPYTD": 822985,
            "PendingCYTD": 0,
            "PendingPYTD": 0,
            "QuotedCYTD": 1,
            "QuotedPYTD": 1,
            "BoundCYTD": 1,
            "BoundPYTD": 2
        },
        {
            "Company": "Major Accounts Division",
            "Division": "Surety - Major",
            "Unit": "Surety Commercial",
            "Segment": "Commercial Surety",
            "RetenstionPremium": 12.2,
            "RetenstionCount": 14.2,
            "RetensionCYTD": 1253625,
            "LostPYTD": null,
            "PendingCYTD": 0,
            "PendingPYTD": 0,
            "QuotedCYTD": 0,
            "QuotedPYTD": 0,
            "BoundCYTD": 17,
            "BoundPYTD": 11
        },
        {
            "Company": "Major Accounts Division",
            "Division": "Surety - Major",
            "Unit": "Surety Construction",
            "Segment": "Construction Surety - E & W",
            "RetenstionPremium": 12.2,
            "RetenstionCount": 14.2,
            "RetensionCYTD": 1253625,
            "LostPYTD": null,
            "PendingCYTD": 0,
            "PendingPYTD": null,
            "QuotedCYTD": 0,
            "QuotedPYTD": null,
            "BoundCYTD": 2,
            "BoundPYTD": null
        },
        {
            "Company": "Major Accounts Division",
            "Division": "Surety - Major",
            "Unit": "Surety Construction",
            "Segment": "National E&C Surety",
            "RetenstionPremium": 12.2,
            "RetenstionCount": 14.2,
            "RetensionCYTD": 1253625,
            "LostPYTD": null,
            "PendingCYTD": 0,
            "PendingPYTD": null,
            "QuotedCYTD": 0,
            "QuotedPYTD": null,
            "BoundCYTD": 6,
            "BoundPYTD": null
        },
        {
            "Company": "Major Accounts Division",
            "Division": "Surety - Major",
            "Unit": "Surety Run-Off",
            "Segment": "Small Contractor Run-Off",
            "RetenstionPremium": 12.2,
            "RetenstionCount": 14.2,
            "RetensionCYTD": 1253625,
            "LostPYTD": null,
            "PendingCYTD": 0,
            "PendingPYTD": null,
            "QuotedCYTD": 0,
            "QuotedPYTD": null,
            "BoundCYTD": 1,
            "BoundPYTD": null
        },
        {
            "Company": "Small Retail Division",
            "Division": "Chubb Small Commercial",
            "Unit": "Chubb Small Commercial",
            "Segment": "Chubb Auto",
            "RetenstionPremium": 12.2,
            "RetenstionCount": 14.2,
            "RetensionCYTD": 1253625,
            "LostPYTD": null,
            "PendingCYTD": 0,
            "PendingPYTD": 0,
            "QuotedCYTD": 0,
            "QuotedPYTD": 0,
            "BoundCYTD": 2,
            "BoundPYTD": 2
        },
        {
            "Company": "Small Retail Division",
            "Division": "Chubb Small Commercial",
            "Unit": "Chubb Small Commercial",
            "Segment": "Chubb Casualty",
            "RetenstionPremium": 12.2,
            "RetenstionCount": 14.2,
            "RetensionCYTD": 1253625,
            "LostPYTD": null,
            "PendingCYTD": 10,
            "PendingPYTD": null,
            "QuotedCYTD": 0,
            "QuotedPYTD": null,
            "BoundCYTD": 4,
            "BoundPYTD": null
        },
        {
            "Company": "Small Retail Division",
            "Division": "Chubb Small Commercial",
            "Unit": "Chubb Small Commercial",
            "Segment": "Chubb GL",
            "RetenstionPremium": 12.2,
            "RetenstionCount": 14.2,
            "RetensionCYTD": 1253625,
            "LostPYTD": null,
            "PendingCYTD": 0,
            "PendingPYTD": 0,
            "QuotedCYTD": 0,
            "QuotedPYTD": 0,
            "BoundCYTD": 1,
            "BoundPYTD": 1
        },
        {
            "Company": "Small Retail Division",
            "Division": "Chubb Small Commercial",
            "Unit": "Chubb Small Commercial",
            "Segment": "Chubb Package Property",
            "RetenstionPremium": 12.2,
            "RetenstionCount": 14.2,
            "RetensionCYTD": 1253625,
            "LostPYTD": null,
            "PendingCYTD": 0,
            "PendingPYTD": 0,
            "QuotedCYTD": 0,
            "QuotedPYTD": 0,
            "BoundCYTD": 1,
            "BoundPYTD": 1
        },
        {
            "Company": "Small Retail Division",
            "Division": "Chubb Small Commercial",
            "Unit": "Chubb Small Commercial",
            "Segment": "Chubb Property",
            "RetenstionPremium": 12.2,
            "RetenstionCount": 14.2,
            "RetensionCYTD": 1253625,
            "LostPYTD": null,
            "PendingCYTD": 0,
            "PendingPYTD": 0,
            "QuotedCYTD": 0,
            "QuotedPYTD": 0,
            "BoundCYTD": 1,
            "BoundPYTD": 1
        },
        {
            "Company": "Small Retail Division",
            "Division": "Chubb Small Commercial",
            "Unit": "Chubb Small Commercial",
            "Segment": "Chubb WC",
            "RetenstionPremium": 12.2,
            "RetenstionCount": 14.2,
            "RetensionCYTD": 1253625,
            "LostPYTD": null,
            "PendingCYTD": 0,
            "PendingPYTD": null,
            "QuotedCYTD": 0,
            "QuotedPYTD": null,
            "BoundCYTD": 1,
            "BoundPYTD": null
        },
        {
            "Company": "Small Retail Division",
            "Division": "Professional-Risk - Small Retail",
            "Unit": "Chubb Small Commercial",
            "Segment": "Small Retail - Cyber",
            "RetenstionPremium": 12.2,
            "RetenstionCount": 14.2,
            "RetensionCYTD": 1253625,
            "LostPYTD": null,
            "PendingCYTD": 2,
            "PendingPYTD": 0,
            "QuotedCYTD": 0,
            "QuotedPYTD": 0,
            "BoundCYTD": 0,
            "BoundPYTD": 2
        },
        {
            "Company": "Small Retail Division",
            "Division": "Professional-Risk - Small Retail",
            "Unit": "Chubb Small Commercial",
            "Segment": "Small Retail - Private Company/NFP",
            "RetenstionPremium": 12.2,
            "RetenstionCount": 14.2,
            "RetensionCYTD": 1253625,
            "LostPYTD": null,
            "PendingCYTD": 18,
            "PendingPYTD": 0,
            "QuotedCYTD": 0,
            "QuotedPYTD": 5,
            "BoundCYTD": 19,
            "BoundPYTD": 29
        },
        {
            "Company": "Small Retail Division",
            "Division": "Professional-Risk - Small Retail",
            "Unit": "Chubb Small Commercial",
            "Segment": "Small Retail - Professional Liability",
            "RetenstionPremium": 12.2,
            "RetenstionCount": 14.2,
            "RetensionCYTD": 1253625,
            "LostPYTD": null,
            "PendingCYTD": 0,
            "PendingPYTD": 0,
            "QuotedCYTD": 0,
            "QuotedPYTD": 1,
            "BoundCYTD": 2,
            "BoundPYTD": 1
        },
        {
            "Company": "Small Retail Division",
            "Division": "Professional-Risk - Small Retail",
            "Unit": "Professional and Management Liability",
            "Segment": "Small Retail - Cyber",
            "RetenstionPremium": 12.2,
            "RetenstionCount": 14.2,
            "RetensionCYTD": 1253625,
            "LostPYTD": null,
            "PendingCYTD": 1,
            "PendingPYTD": 0,
            "QuotedCYTD": 1,
            "QuotedPYTD": 1,
            "BoundCYTD": 0,
            "BoundPYTD": 2
        },
        {
            "Company": "Small Retail Division",
            "Division": "Professional-Risk - Small Retail",
            "Unit": "Professional and Management Liability",
            "Segment": "Small Retail - Private Company/NFP",
            "RetenstionPremium": 12.2,
            "RetenstionCount": 14.2,
            "RetensionCYTD": 1253625,
            "LostPYTD": null,
            "PendingCYTD": 0,
            "PendingPYTD": null,
            "QuotedCYTD": 0,
            "QuotedPYTD": null,
            "BoundCYTD": 2,
            "BoundPYTD": null
        },
        {
            "Company": "Small Retail Division",
            "Division": "Professional-Risk - Small Retail",
            "Unit": "Professional and Management Liability",
            "Segment": "Small Retail - Professional Liability",
            "RetenstionPremium": 12.2,
            "RetenstionCount": 14.2,
            "RetensionCYTD": 1253625,
            "LostPYTD": null,
            "PendingCYTD": 0,
            "PendingPYTD": 0,
            "QuotedCYTD": 1,
            "QuotedPYTD": 0,
            "BoundCYTD": 0,
            "BoundPYTD": 1
        },
        {
            "Company": "Small Retail Division",
            "Division": "Specialty Lines",
            "Unit": "P&C",
            "Segment": "Small Retail - BOP & Umb",
            "RetenstionPremium": 12.2,
            "RetenstionCount": 14.2,
            "RetensionCYTD": 1253625,
            "LostPYTD": null,
            "PendingCYTD": 0,
            "PendingPYTD": 0,
            "QuotedCYTD": 4,
            "QuotedPYTD": 0,
            "BoundCYTD": 0,
            "BoundPYTD": 1
        },
        {
            "Company": "Wholesale/Excess & Surplus Division",
            "Division": "Wholesale-Professional",
            "Unit": "Chubb Wholesale-Management",
            "Segment": "Wholesale - Financial Institutions",
            "RetenstionPremium": 12.2,
            "RetenstionCount": 14.2,
            "RetensionCYTD": 1253625,
            "LostPYTD": null,
            "PendingCYTD": 2,
            "PendingPYTD": 0,
            "QuotedCYTD": 0,
            "QuotedPYTD": 0,
            "BoundCYTD": 0,
            "BoundPYTD": 3
        },
        {
            "Company": "Wholesale/Excess & Surplus Division",
            "Division": "Wholesale-Professional",
            "Unit": "Chubb Wholesale-Management",
            "Segment": "Wholesale - Private Company/NFP",
            "RetenstionPremium": 12.2,
            "RetenstionCount": 14.2,
            "RetensionCYTD": 1253625,
            "LostPYTD": null,
            "PendingCYTD": 7,
            "PendingPYTD": 0,
            "QuotedCYTD": 0,
            "QuotedPYTD": 0,
            "BoundCYTD": 1,
            "BoundPYTD": 5
        },
        {
            "Company": "Wholesale/Excess & Surplus Division",
            "Division": "Wholesale-Professional",
            "Unit": "Chubb Wholesale-Professional",
            "Segment": "Wholesale - Professional Liability",
            "RetenstionPremium": 12.2,
            "RetenstionCount": 14.2,
            "RetensionCYTD": 1253625,
            "LostPYTD": null,
            "PendingCYTD": 1,
            "PendingPYTD": 0,
            "QuotedCYTD": 0,
            "QuotedPYTD": 0,
            "BoundCYTD": 0,
            "BoundPYTD": 1
        },
        {
            "Company": "Wholesale/Excess & Surplus Division",
            "Division": "Wholesale-Professional",
            "Unit": "Wholesale-Management",
            "Segment": "Wholesale - Financial Institutions",
            "RetenstionPremium": 12.2,
            "RetenstionCount": 14.2,
            "RetensionCYTD": 1253625,
            "LostPYTD": null,
            "PendingCYTD": 5,
            "PendingPYTD": null,
            "QuotedCYTD": 0,
            "QuotedPYTD": null,
            "BoundCYTD": 66,
            "BoundPYTD": null
        },
        {
            "Company": "Wholesale/Excess & Surplus Division",
            "Division": "Wholesale-Professional",
            "Unit": "Wholesale-Management",
            "Segment": "Wholesale - Management Liability",
            "RetenstionPremium": 12.2,
            "RetenstionCount": 14.2,
            "RetensionCYTD": 1253625,
            "LostPYTD": null,
            "PendingCYTD": 4,
            "PendingPYTD": null,
            "QuotedCYTD": 0,
            "QuotedPYTD": null,
            "BoundCYTD": 66,
            "BoundPYTD": null
        },
        {
            "Company": "Wholesale/Excess & Surplus Division",
            "Division": "Wholesale-Professional",
            "Unit": "Wholesale-Management",
            "Segment": "Wholesale - Private Company/NFP",
            "RetenstionPremium": 12.2,
            "RetenstionCount": 14.2,
            "RetensionCYTD": 1253625,
            "LostPYTD": 435118,
            "PendingCYTD": 150,
            "PendingPYTD": 0,
            "QuotedCYTD": 80,
            "QuotedPYTD": 12,
            "BoundCYTD": 2,
            "BoundPYTD": 78
        },
        {
            "Company": "Wholesale/Excess & Surplus Division",
            "Division": "Wholesale-Professional",
            "Unit": "Wholesale-Professional",
            "Segment": "Wholesale - Cyber",
            "RetenstionPremium": 12.2,
            "RetenstionCount": 14.2,
            "RetensionCYTD": 1253625,
            "LostPYTD": null,
            "PendingCYTD": 1,
            "PendingPYTD": 0,
            "QuotedCYTD": 0,
            "QuotedPYTD": 0,
            "BoundCYTD": 0,
            "BoundPYTD": 2
        },
        {
            "Company": "Wholesale/Excess & Surplus Division",
            "Division": "Wholesale-Professional",
            "Unit": "Wholesale-Professional",
            "Segment": "Wholesale - Professional Liability",
            "RetenstionPremium": 12.2,
            "RetenstionCount": 14.2,
            "RetensionCYTD": 1253625,
            "LostPYTD": null,
            "PendingCYTD": 0,
            "PendingPYTD": null,
            "QuotedCYTD": 0,
            "QuotedPYTD": null,
            "BoundCYTD": 12,
            "BoundPYTD": null
        },
        {
            "Company": "SegmentTotal",
            "Division": null,
            "Unit": null,
            "Segment": null,
            "RetenstionPremium": 817.40000000000089,
            "RetenstionCount": 951.40000000000111,
            "RetensionCYTD": 83992875,
            "LostPYTD": 1481466,
            "PendingCYTD": 448,
            "PendingPYTD": 16,
            "QuotedCYTD": 127,
            "QuotedPYTD": 41,
            "BoundCYTD": 448,
            "BoundPYTD": 530
        }
    ]
}