[
  {
    "Company": "Commercial Insurance Division",
    "Division": "",
    "Unit": "",
    "Segment": "",
    "RenewalBase": 145160842,
    "RenewalForecast": 145174576,
    "NewForecast": 111894334,
    "OtherForecast": 4754605679,
    "TotalForecast": 5011674590,
    "Plan": 0,
    "ForecastvsPlanUSD": 5011674590,
    "ForecastvsPlanPercentage": 0
  },
  {
    "Company": "Commercial Insurance Division",
    "Division": "Highway Company",
    "Unit": "",
    "Segment": "",
    "RenewalBase": 145160842,
    "RenewalForecast": 145174576,
    "NewForecast": 111894334,
    "OtherForecast": 4754605679,
    "TotalForecast": 5011674590,
    "Plan": 0,
    "ForecastvsPlanUSD": 5011674590,
    "ForecastvsPlanPercentage": 0
  },
  {
    "Company": "Some Other Company",
    "Division": "Another Division",
    "Unit": "",
    "Segment": "",
    "RenewalBase": 145160842,
    "RenewalForecast": 145174576,
    "NewForecast": 111894334,
    "OtherForecast": 4754605679,
    "TotalForecast": 5011674590,
    "Plan": 0,
    "ForecastvsPlanUSD": 5011674590,
    "ForecastvsPlanPercentage": 0
  },
  {
    "Company": "Commercial Insurance Division",
    "Division": "Chubb Commercial Insurance Division",
    "Unit": "",
    "Segment": "",
    "RenewalBase": 145160842,
    "RenewalForecast": 145174576,
    "NewForecast": 111894334,
    "OtherForecast": 4754605679,
    "TotalForecast": 5011674590,
    "Plan": 0,
    "ForecastvsPlanUSD": 5011674590,
    "ForecastvsPlanPercentage": 0
  },
  {
    "Company": "Commercial Insurance Division",
    "Division": "Chubb Commercial Insurance Division",
    "Unit": "Social Insurance Division",
    "Segment": "",
    "RenewalBase": 145160842,
    "RenewalForecast": 145174576,
    "NewForecast": 111894334,
    "OtherForecast": 4754605679,
    "TotalForecast": 5011674590,
    "Plan": 0,
    "ForecastvsPlanUSD": 5011674590,
    "ForecastvsPlanPercentage": 0
  }, {
    "Company": "Commercial Insurance Division",
    "Division": "Chubb Commercial Insurance Division",
    "Unit": "Chubb Commercial Insurance Division",
    "Segment": "",
    "RenewalBase": 145160842,
    "RenewalForecast": 145174576,
    "NewForecast": 111894334,
    "OtherForecast": 4754605679,
    "TotalForecast": 5011674590,
    "Plan": 0,
    "ForecastvsPlanUSD": 5011674590,
    "ForecastvsPlanPercentage": 0
  },
  {
      "Company": "Commercial Insurance Division",
      "Division": "Chubb Commercial Insurance Division",
      "Unit": "Chubb Commercial Insurance Division",
      "Segment": "1Chubb Casualty",
      "RenewalBase": 145160842,
      "RenewalForecast": 145174576,
      "NewForecast": 111894334,
      "OtherForecast": 4754605679,
      "TotalForecast": 5011674590,
      "Plan": 0,
      "ForecastvsPlanUSD": 5011674590,
      "ForecastvsPlanPercentage": 0
  },
  {
      "Company": "Commercial Insurance Division",
      "Division": "Chubb Commercial Insurance Division",
      "Unit": "Chubb Commercial Insurance Division",
      "Segment": "1Chubb Casualty",
      "RenewalBase": 145160842,
      "RenewalForecast": 145174576,
      "NewForecast": 111894334,
      "OtherForecast": 4754605679,
      "TotalForecast": 5011674590,
      "Plan": 0,
      "ForecastvsPlanUSD": 5011674590,
      "ForecastvsPlanPercentage": 0
  }, {
      "Company": "Commercial Insurance Division",
      "Division": "Chubb Commercial Insurance Division",
      "Unit": "Chubb Commercial Insurance Division",
      "Segment": "Chubb common",
      "RenewalBase": 145160842,
      "RenewalForecast": 145174576,
      "NewForecast": 111894334,
      "OtherForecast": 4754605679,
      "TotalForecast": 5011674590,
      "Plan": 0,
      "ForecastvsPlanUSD": 5011674590,
      "ForecastvsPlanPercentage": 0
  }, {
      "Company": "Commercial Insurance Division",
      "Division": "Chubb Commercial Insurance Division",
      "Unit": "Chubb Commercial Insurance Division",
      "Segment": "Not Chubb",
      "RenewalBase": 145160842,
      "RenewalForecast": 145174576,
      "NewForecast": 111894334,
      "OtherForecast": 4754605679,
      "TotalForecast": 5011674590,
      "Plan": 0,
      "ForecastvsPlanUSD": 5011674590,
      "ForecastvsPlanPercentage": 0
  },  {
      "Company": "Commercial Insurance Division",
      "Division": "Chubb Commercial Insurance Division",
      "Unit": "Chubb Commercial Insurance Division",
      "Segment": "Segment!!!",
      "RenewalBase": 145160842,
      "RenewalForecast": 145174576,
      "NewForecast": 111894334,
      "OtherForecast": 4754605679,
      "TotalForecast": 5011674590,
      "Plan": 0,
      "ForecastvsPlanUSD": 5011674590,
      "ForecastvsPlanPercentage": 0
  }, {
    "Company": "Some Other Company",
    "Division": "",
    "Unit": "",
    "Segment": "",
    "RenewalBase": 145160842,
    "RenewalForecast": 145174576,
    "NewForecast": 111894334,
    "OtherForecast": 4754605679,
    "TotalForecast": 5011674590,
    "Plan": 0,
    "ForecastvsPlanUSD": 5011674590,
    "ForecastvsPlanPercentage": 0
  },
  {
    "Company": "Some Other Company",
    "Division": "Another Div without Units",
    "Unit": "",
    "Segment": "",
    "RenewalBase": 145160842,
    "RenewalForecast": 145174576,
    "NewForecast": 111894334,
    "OtherForecast": 4754605679,
    "TotalForecast": 5011674590,
    "Plan": 0,
    "ForecastvsPlanUSD": 5011674590,
    "ForecastvsPlanPercentage": 0
  },
  {
    "Company": "Some Other Company",
    "Division": "Div with Units",
    "Unit": "",
    "Segment": "",
    "RenewalBase": 145160842,
    "RenewalForecast": 145174576,
    "NewForecast": 111894334,
    "OtherForecast": 4754605679,
    "TotalForecast": 5011674590,
    "Plan": 0,
    "ForecastvsPlanUSD": 5011674590,
    "ForecastvsPlanPercentage": 0
  }, {
      "Company": "Some Other Company",
      "Division": "Div with Units",
      "Unit": "unit 1",
      "Segment": "",
      "RenewalBase": 145160842,
      "RenewalForecast": 145174576,
      "NewForecast": 111894334,
      "OtherForecast": 4754605679,
      "TotalForecast": 5011674590,
      "Plan": 0,
      "ForecastvsPlanUSD": 5011674590,
      "ForecastvsPlanPercentage": 0
  }, {
    "Company": "Some Other Company",
    "Division": "Div with Units",
    "Unit": "unit 3",
    "Segment": "",
    "RenewalBase": 145160842,
    "RenewalForecast": 145174576,
    "NewForecast": 111894334,
    "OtherForecast": 4754605679,
    "TotalForecast": 5011674590,
    "Plan": 0,
    "ForecastvsPlanUSD": 5011674590,
    "ForecastvsPlanPercentage": 0
  },
  {
      "Company": "Some Other Company",
      "Division": "Div with Units",
      "Unit": "unit 3",
      "Segment": "segment 2",
      "RenewalBase": 145160842,
      "RenewalForecast": 145174576,
      "NewForecast": 111894334,
      "OtherForecast": 4754605679,
      "TotalForecast": 5011674590,
      "Plan": 0,
      "ForecastvsPlanUSD": 5011674590,
      "ForecastvsPlanPercentage": 0
  }, {
      "Company": "Some Other Company",
      "Division": "Div with Units",
      "Unit": "unit 4",
      "Segment": "",
      "RenewalBase": 145160842,
      "RenewalForecast": 145174576,
      "NewForecast": 111894334,
      "OtherForecast": 4754605679,
      "TotalForecast": 5011674590,
      "Plan": 0,
      "ForecastvsPlanUSD": 5011674590,
      "ForecastvsPlanPercentage": 0
  }, {
      "Company": "Some Other Company",
      "Division": "Div with Units",
      "Unit": "unit 5",
      "Segment": "",
      "RenewalBase": 145160842,
      "RenewalForecast": 145174576,
      "NewForecast": 111894334,
      "OtherForecast": 4754605679,
      "TotalForecast": 5011674590,
      "Plan": 0,
      "ForecastvsPlanUSD": 5011674590,
      "ForecastvsPlanPercentage": 0
  }, {
    "Company": "Some Other Company",
    "Division": "Div with Units",
    "Unit": "unit 5",
    "Segment": "segment 1",
    "RenewalBase": 145160842,
    "RenewalForecast": 145174576,
    "NewForecast": 111894334,
    "OtherForecast": 4754605679,
    "TotalForecast": 5011674590,
    "Plan": 0,
    "ForecastvsPlanUSD": 5011674590,
    "ForecastvsPlanPercentage": 0
  }
]
