[
  {
     "CreditedBranch":"Calgary",
     "CreditedRegion":"Canada",
     "RenewalBase":4365739,
     "RenewalForecast":4285460,
     "NewForecast":2323074,
     "OtherForecast":219793,
     "TotalForecast":6828328,
     "Plan":6426110,
     "ForecastvsPlanUSD":402218,
     "ForecastvsPlanPercentage":106.26
  },
  {
     "CreditedBranch":"Montreal",
     "CreditedRegion":"Canada",
     "RenewalBase":4644437,
     "RenewalForecast":4652709,
     "NewForecast":1013894,
     "OtherForecast":21963,
     "TotalForecast":5688567,
     "Plan":4934096,
     "ForecastvsPlanUSD":754471,
     "ForecastvsPlanPercentage":115.29
  },
  {
     "CreditedBranch":"Toronto",
     "CreditedRegion":"Canada",
     "RenewalBase":24746632,
     "RenewalForecast":31411114,
     "NewForecast":20868430,
     "OtherForecast":216270,
     "TotalForecast":52495815,
     "Plan":36054109,
     "ForecastvsPlanUSD":16441706,
     "ForecastvsPlanPercentage":145.60
  },
  {
     "CreditedBranch":"Vancouver",
     "CreditedRegion":"Canada",
     "RenewalBase":4822232,
     "RenewalForecast":5624051,
     "NewForecast":1251243,
     "OtherForecast":57787,
     "TotalForecast":6933082,
     "Plan":4652546,
     "ForecastvsPlanUSD":2280536,
     "ForecastvsPlanPercentage":149.02
  },
  {
     "CreditedBranch":"Home Office",
     "CreditedRegion":"Home Office",
     "RenewalBase":206671746,
     "RenewalForecast":258089205,
     "NewForecast":290194410,
     "OtherForecast":3704038,
     "TotalForecast":551987653,
     "Plan":381428408,
     "ForecastvsPlanUSD":170559245,
     "ForecastvsPlanPercentage":144.72
  },
  {
     "CreditedBranch":"Baltimore",
     "CreditedRegion":"Midatlantic",
     "RenewalBase":8470245,
     "RenewalForecast":8824691,
     "NewForecast":5228189,
     "OtherForecast":96250,
     "TotalForecast":14149130,
     "Plan":8104023,
     "ForecastvsPlanUSD":6045107,
     "ForecastvsPlanPercentage":174.59
  },
  {
     "CreditedBranch":"Harrisburg",
     "CreditedRegion":"Midatlantic",
     "RenewalBase":5392081,
     "RenewalForecast":5410095,
     "NewForecast":5843884,
     "OtherForecast":89088,
     "TotalForecast":11343067,
     "Plan":4986048,
     "ForecastvsPlanUSD":6357019,
     "ForecastvsPlanPercentage":227.50
  },
  {
     "CreditedBranch":"Philadelphia",
     "CreditedRegion":"Midatlantic",
     "RenewalBase":76002907,
     "RenewalForecast":82582000,
     "NewForecast":80085331,
     "OtherForecast":10458000,
     "TotalForecast":173125331,
     "Plan":84294341,
     "ForecastvsPlanUSD":88830990,
     "ForecastvsPlanPercentage":205.38
  },
  {
     "CreditedBranch":"Pittsburgh",
     "CreditedRegion":"Midatlantic",
     "RenewalBase":13586270,
     "RenewalForecast":14011461,
     "NewForecast":5689129,
     "OtherForecast":613488,
     "TotalForecast":20314078,
     "Plan":17212804,
     "ForecastvsPlanUSD":3101274,
     "ForecastvsPlanPercentage":118.02
  },
  {
     "CreditedBranch":"Richmond",
     "CreditedRegion":"Midatlantic",
     "RenewalBase":3886122,
     "RenewalForecast":4151613,
     "NewForecast":4199667,
     "OtherForecast":406685,
     "TotalForecast":8757965,
     "Plan":5457490,
     "ForecastvsPlanUSD":3300475,
     "ForecastvsPlanPercentage":160.48
  },
  {
     "CreditedBranch":"Washington DC",
     "CreditedRegion":"Midatlantic",
     "RenewalBase":19750542,
     "RenewalForecast":20370523,
     "NewForecast":8908930,
     "OtherForecast":574632,
     "TotalForecast":29854085,
     "Plan":22464989,
     "ForecastvsPlanUSD":7389096,
     "ForecastvsPlanPercentage":132.89
  },
  {
     "CreditedBranch":"Chicago",
     "CreditedRegion":"Midwest",
     "RenewalBase":101301956,
     "RenewalForecast":124547592,
     "NewForecast":128417026,
     "OtherForecast":8536771,
     "TotalForecast":261501389,
     "Plan":178238859,
     "ForecastvsPlanUSD":83262530,
     "ForecastvsPlanPercentage":146.71
  },
  {
     "CreditedBranch":"Cincinnati",
     "CreditedRegion":"Midwest",
     "RenewalBase":13711946,
     "RenewalForecast":13995293,
     "NewForecast":7080161,
     "OtherForecast":233545,
     "TotalForecast":21308999,
     "Plan":11896910,
     "ForecastvsPlanUSD":9412089,
     "ForecastvsPlanPercentage":179.11
  },
  {
     "CreditedBranch":"Cleveland",
     "CreditedRegion":"Midwest",
     "RenewalBase":8593806,
     "RenewalForecast":9681408,
     "NewForecast":6920489,
     "OtherForecast":304767,
     "TotalForecast":16906664,
     "Plan":10625848,
     "ForecastvsPlanUSD":6280816,
     "ForecastvsPlanPercentage":159.11
  },
  {
     "CreditedBranch":"Columbus",
     "CreditedRegion":"Midwest",
     "RenewalBase":5609508,
     "RenewalForecast":5761155,
     "NewForecast":5210328,
     "OtherForecast":14552,
     "TotalForecast":10986035,
     "Plan":4278688,
     "ForecastvsPlanUSD":6707347,
     "ForecastvsPlanPercentage":256.76
  },
  {
     "CreditedBranch":"Des Moines",
     "CreditedRegion":"Midwest",
     "RenewalBase":15751846,
     "RenewalForecast":14228667,
     "NewForecast":8534809,
     "OtherForecast":123828,
     "TotalForecast":22887304,
     "Plan":14492704,
     "ForecastvsPlanUSD":8394600,
     "ForecastvsPlanPercentage":157.92
  },
  {
     "CreditedBranch":"Grand Rapids",
     "CreditedRegion":"Midwest",
     "RenewalBase":5847859,
     "RenewalForecast":5997765,
     "NewForecast":3405552,
     "OtherForecast":271838,
     "TotalForecast":9675155,
     "Plan":5441160,
     "ForecastvsPlanUSD":4233995,
     "ForecastvsPlanPercentage":177.81
  },
  {
     "CreditedBranch":"Indianapolis",
     "CreditedRegion":"Midwest",
     "RenewalBase":8038771,
     "RenewalForecast":8508226,
     "NewForecast":7544093,
     "OtherForecast":88149,
     "TotalForecast":16140468,
     "Plan":8410775,
     "ForecastvsPlanUSD":7729693,
     "ForecastvsPlanPercentage":191.90
  },
  {
     "CreditedBranch":"Kansas City",
     "CreditedRegion":"Midwest",
     "RenewalBase":18703973,
     "RenewalForecast":19125612,
     "NewForecast":14818089,
     "OtherForecast":142678,
     "TotalForecast":34086379,
     "Plan":15473452,
     "ForecastvsPlanUSD":18612927,
     "ForecastvsPlanPercentage":220.29
  },
  {
     "CreditedBranch":"Louisville",
     "CreditedRegion":"Midwest",
     "RenewalBase":5457014,
     "RenewalForecast":5553188,
     "NewForecast":2009211,
     "OtherForecast":247741,
     "TotalForecast":7810140,
     "Plan":6161921,
     "ForecastvsPlanUSD":1648219,
     "ForecastvsPlanPercentage":126.75
  },
  {
     "CreditedBranch":"Milwaukee",
     "CreditedRegion":"Midwest",
     "RenewalBase":18593530,
     "RenewalForecast":18517296,
     "NewForecast":14951401,
     "OtherForecast":440488,
     "TotalForecast":33909185,
     "Plan":20869827,
     "ForecastvsPlanUSD":13039358,
     "ForecastvsPlanPercentage":162.48
  },
  {
     "CreditedBranch":"Minneapolis",
     "CreditedRegion":"Midwest",
     "RenewalBase":27140684,
     "RenewalForecast":28502410,
     "NewForecast":25777953,
     "OtherForecast":303989,
     "TotalForecast":54584352,
     "Plan":33222418,
     "ForecastvsPlanUSD":21361934,
     "ForecastvsPlanPercentage":164.30
  },
  {
     "CreditedBranch":"Schaumburg",
     "CreditedRegion":"Midwest",
     "RenewalBase":25292337,
     "RenewalForecast":25220338,
     "NewForecast":15067171,
     "OtherForecast":323820,
     "TotalForecast":40611329,
     "Plan":15139931,
     "ForecastvsPlanUSD":25471398,
     "ForecastvsPlanPercentage":268.24
  },
  {
     "CreditedBranch":"St. Louis",
     "CreditedRegion":"Midwest",
     "RenewalBase":23570621,
     "RenewalForecast":31124984,
     "NewForecast":15117315,
     "OtherForecast":342313,
     "TotalForecast":46584612,
     "Plan":15143471,
     "ForecastvsPlanUSD":31441141,
     "ForecastvsPlanPercentage":307.62
  },
  {
     "CreditedBranch":"Troy",
     "CreditedRegion":"Midwest",
     "RenewalBase":20384250,
     "RenewalForecast":21275607,
     "NewForecast":6139513,
     "OtherForecast":340410,
     "TotalForecast":27755530,
     "Plan":14855254,
     "ForecastvsPlanUSD":12900276,
     "ForecastvsPlanPercentage":186.84
  },
  {
     "CreditedBranch":"New Jersey",
     "CreditedRegion":"New York",
     "RenewalBase":31292825,
     "RenewalForecast":32457200,
     "NewForecast":13320880,
     "OtherForecast":580570,
     "TotalForecast":46358650,
     "Plan":31684906,
     "ForecastvsPlanUSD":14673744,
     "ForecastvsPlanPercentage":146.31
  },
  {
     "CreditedBranch":"New York City",
     "CreditedRegion":"New York",
     "RenewalBase":321314206,
     "RenewalForecast":343101344,
     "NewForecast":209854398,
     "OtherForecast":6359728,
     "TotalForecast":559315470,
     "Plan":361241680,
     "ForecastvsPlanUSD":198073790,
     "ForecastvsPlanPercentage":154.83
  },
  {
     "CreditedBranch":"Uniondale",
     "CreditedRegion":"New York",
     "RenewalBase":15063516,
     "RenewalForecast":15459039,
     "NewForecast":17123439,
     "OtherForecast":285993,
     "TotalForecast":32868471,
     "Plan":22219056,
     "ForecastvsPlanUSD":10649415,
     "ForecastvsPlanPercentage":147.93
  },
  {
     "CreditedBranch":"White Plains",
     "CreditedRegion":"New York",
     "RenewalBase":18173556,
     "RenewalForecast":23624939,
     "NewForecast":10827533,
     "OtherForecast":1932272,
     "TotalForecast":36384744,
     "Plan":24140899,
     "ForecastvsPlanUSD":12243845,
     "ForecastvsPlanPercentage":150.72
  },
  {
     "CreditedBranch":"Boston",
     "CreditedRegion":"Northeast",
     "RenewalBase":47179340,
     "RenewalForecast":53839361,
     "NewForecast":60905072,
     "OtherForecast":2828002,
     "TotalForecast":117572435,
     "Plan":58912292,
     "ForecastvsPlanUSD":58660143,
     "ForecastvsPlanPercentage":199.57
  },
  {
     "CreditedBranch":"New Haven",
     "CreditedRegion":"Northeast",
     "RenewalBase":16646623,
     "RenewalForecast":17511804,
     "NewForecast":18574607,
     "OtherForecast":567835,
     "TotalForecast":36654246,
     "Plan":15808939,
     "ForecastvsPlanUSD":20845307,
     "ForecastvsPlanPercentage":231.86
  },
  {
     "CreditedBranch":"Rochester",
     "CreditedRegion":"Northeast",
     "RenewalBase":21320525,
     "RenewalForecast":21859844,
     "NewForecast":13953280,
     "OtherForecast":223235,
     "TotalForecast":36036359,
     "Plan":20686607,
     "ForecastvsPlanUSD":15349752,
     "ForecastvsPlanPercentage":174.20
  },
  {
     "CreditedBranch":"Los Angeles",
     "CreditedRegion":"Pacific",
     "RenewalBase":55259069,
     "RenewalForecast":55201372,
     "NewForecast":59202020,
     "OtherForecast":680794,
     "TotalForecast":115084186,
     "Plan":60612836,
     "ForecastvsPlanUSD":54471350,
     "ForecastvsPlanPercentage":189.87
  },
  {
     "CreditedBranch":"Newport Beach",
     "CreditedRegion":"Pacific",
     "RenewalBase":9898032,
     "RenewalForecast":9994199,
     "NewForecast":14106310,
     "OtherForecast":-176011,
     "TotalForecast":23924498,
     "Plan":10064921,
     "ForecastvsPlanUSD":13859577,
     "ForecastvsPlanPercentage":237.70
  },
  {
     "CreditedBranch":"Phoenix",
     "CreditedRegion":"Pacific",
     "RenewalBase":4387022,
     "RenewalForecast":4375951,
     "NewForecast":3024462,
     "OtherForecast":150805,
     "TotalForecast":7551218,
     "Plan":5131218,
     "ForecastvsPlanUSD":2420000,
     "ForecastvsPlanPercentage":147.16
  },
  {
     "CreditedBranch":"Portland",
     "CreditedRegion":"Pacific",
     "RenewalBase":6432563,
     "RenewalForecast":6544866,
     "NewForecast":3198911,
     "OtherForecast":6557,
     "TotalForecast":9750334,
     "Plan":7417012,
     "ForecastvsPlanUSD":2333322,
     "ForecastvsPlanPercentage":131.46
  },
  {
     "CreditedBranch":"San Diego",
     "CreditedRegion":"Pacific",
     "RenewalBase":6336691,
     "RenewalForecast":6268703,
     "NewForecast":12850642,
     "OtherForecast":98458,
     "TotalForecast":19217803,
     "Plan":9315687,
     "ForecastvsPlanUSD":9902116,
     "ForecastvsPlanPercentage":206.30
  },
  {
     "CreditedBranch":"San Francisco",
     "CreditedRegion":"Pacific",
     "RenewalBase":30927056,
     "RenewalForecast":31322959,
     "NewForecast":45082087,
     "OtherForecast":1948457,
     "TotalForecast":78353503,
     "Plan":45366139,
     "ForecastvsPlanUSD":32987364,
     "ForecastvsPlanPercentage":172.71
  },
  {
     "CreditedBranch":"San Ramon",
     "CreditedRegion":"Pacific",
     "RenewalBase":13935930,
     "RenewalForecast":15075552,
     "NewForecast":28058799,
     "OtherForecast":418824,
     "TotalForecast":43553175,
     "Plan":15716513,
     "ForecastvsPlanUSD":27836662,
     "ForecastvsPlanPercentage":277.12
  },
  {
     "CreditedBranch":"Seattle",
     "CreditedRegion":"Pacific",
     "RenewalBase":16917860,
     "RenewalForecast":17435103,
     "NewForecast":13880125,
     "OtherForecast":19611,
     "TotalForecast":31334839,
     "Plan":9712374,
     "ForecastvsPlanUSD":21622465,
     "ForecastvsPlanPercentage":322.63
  },
  {
     "CreditedBranch":"Atlanta",
     "CreditedRegion":"Southeast",
     "RenewalBase":67876222,
     "RenewalForecast":70189627,
     "NewForecast":50688599,
     "OtherForecast":1539282,
     "TotalForecast":122417508,
     "Plan":82016901,
     "ForecastvsPlanUSD":40400607,
     "ForecastvsPlanPercentage":149.26
  },
  {
     "CreditedBranch":"Birmingham",
     "CreditedRegion":"Southeast",
     "RenewalBase":5525751,
     "RenewalForecast":5514425,
     "NewForecast":4760970,
     "OtherForecast":127726,
     "TotalForecast":10403121,
     "Plan":7606866,
     "ForecastvsPlanUSD":2796255,
     "ForecastvsPlanPercentage":136.76
  },
  {
     "CreditedBranch":"Charlotte",
     "CreditedRegion":"Southeast",
     "RenewalBase":13540822,
     "RenewalForecast":12200508,
     "NewForecast":7013175,
     "OtherForecast":884219,
     "TotalForecast":20097902,
     "Plan":13184699,
     "ForecastvsPlanUSD":6913203,
     "ForecastvsPlanPercentage":152.43
  },
  {
     "CreditedBranch":"Nashville",
     "CreditedRegion":"Southeast",
     "RenewalBase":6627884,
     "RenewalForecast":6959087,
     "NewForecast":5120815,
     "OtherForecast":376146,
     "TotalForecast":12456048,
     "Plan":6797691,
     "ForecastvsPlanUSD":5658357,
     "ForecastvsPlanPercentage":183.24
  },
  {
     "CreditedBranch":"Tampa",
     "CreditedRegion":"Southeast",
     "RenewalBase":13211816,
     "RenewalForecast":14403242,
     "NewForecast":20731264,
     "OtherForecast":819837,
     "TotalForecast":35954343,
     "Plan":18161434,
     "ForecastvsPlanUSD":17792909,
     "ForecastvsPlanPercentage":197.97
  },
  {
     "CreditedBranch":"Austin",
     "CreditedRegion":"Southwest",
     "RenewalBase":3183066,
     "RenewalForecast":2953023,
     "NewForecast":1813480,
     "OtherForecast":343053,
     "TotalForecast":5109556,
     "Plan":4681812,
     "ForecastvsPlanUSD":427744,
     "ForecastvsPlanPercentage":109.14
  },
  {
     "CreditedBranch":"Dallas",
     "CreditedRegion":"Southwest",
     "RenewalBase":80810004,
     "RenewalForecast":82062603,
     "NewForecast":60393509,
     "OtherForecast":4682052,
     "TotalForecast":147138164,
     "Plan":99171443,
     "ForecastvsPlanUSD":47966721,
     "ForecastvsPlanPercentage":148.37
  },
  {
     "CreditedBranch":"Denver",
     "CreditedRegion":"Southwest",
     "RenewalBase":13943599,
     "RenewalForecast":13547100,
     "NewForecast":14834874,
     "OtherForecast":176808,
     "TotalForecast":28558782,
     "Plan":17573497,
     "ForecastvsPlanUSD":10985285,
     "ForecastvsPlanPercentage":162.51
  },
  {
     "CreditedBranch":"Houston",
     "CreditedRegion":"Southwest",
     "RenewalBase":36882644,
     "RenewalForecast":41255123,
     "NewForecast":38233482,
     "OtherForecast":375622,
     "TotalForecast":79864227,
     "Plan":43009452,
     "ForecastvsPlanUSD":36854775,
     "ForecastvsPlanPercentage":185.69
  },
  {
     "CreditedBranch":"Tulsa",
     "CreditedRegion":"Southwest",
     "RenewalBase":9413298,
     "RenewalForecast":9370027,
     "NewForecast":7950959,
     "OtherForecast":633298,
     "TotalForecast":17954284,
     "Plan":12543475,
     "ForecastvsPlanUSD":5410809,
     "ForecastvsPlanPercentage":143.14
  }
]
