[
  {
      "CreditedBranch": null,
      "CreditedRegion": "Canada",
      "RenewalBase": 37572594,
      "RenewalForecast": 38664351,
      "NewForecast": 22687004,
      "OtherForecast": 827681,
      "TotalForecast": 62179039,
      "Plan": 44991395,
      "ForecastvsPlanUSD": 17187644,
      "ForecastvsPlanPercentage": 700.17
  },
  {
      "CreditedBranch": null,
      "CreditedRegion": "Home Office",
      "RenewalBase": 600205641,
      "RenewalForecast": 601105728,
      "NewForecast": 794827737,
      "OtherForecast": 4869110,
      "TotalForecast": 1400802576,
      "Plan": 365465497,
      "ForecastvsPlanUSD": 1035337079,
      "ForecastvsPlanPercentage": 383.29
  },
  {
      "CreditedBranch": null,
      "CreditedRegion": "Midatlantic",
      "RenewalBase": 174355541,
      "RenewalForecast": 184106445,
      "NewForecast": 543277064,
      "OtherForecast": 5398495,
      "TotalForecast": 732782004,
      "Plan": 143957193,
      "ForecastvsPlanUSD": 588824811,
      "ForecastvsPlanPercentage": 4790.64
  },
  {
      "CreditedBranch": null,
      "CreditedRegion": "Midwest",
      "RenewalBase": 334417873,
      "RenewalForecast": 376054475,
      "NewForecast": 557793927,
      "OtherForecast": 9780648,
      "TotalForecast": 943629050,
      "Plan": 340434046,
      "ForecastvsPlanUSD": 603195004,
      "ForecastvsPlanPercentage": 3714.01
  },
  {
      "CreditedBranch": null,
      "CreditedRegion": "New York",
      "RenewalBase": 1191076820,
      "RenewalForecast": 1257603307,
      "NewForecast": 1941112758,
      "OtherForecast": 2073691,
      "TotalForecast": 3200789756,
      "Plan": 456318376,
      "ForecastvsPlanUSD": 2744471380,
      "ForecastvsPlanPercentage": 1838.48
  },
  {
      "CreditedBranch": null,
      "CreditedRegion": "Northeast",
      "RenewalBase": 1186809307,
      "RenewalForecast": 1198270637,
      "NewForecast": 192905664,
      "OtherForecast": 2875515,
      "TotalForecast": 1394051816,
      "Plan": 102307018,
      "ForecastvsPlanUSD": 1291744798,
      "ForecastvsPlanPercentage": 6260.16
  },
  {
      "CreditedBranch": null,
      "CreditedRegion": "Pacific",
      "RenewalBase": 247299640,
      "RenewalForecast": 265080804,
      "NewForecast": 399665722,
      "OtherForecast": 10136004,
      "TotalForecast": 674882530,
      "Plan": 164444687,
      "ForecastvsPlanUSD": 510437843,
      "ForecastvsPlanPercentage": 3776.63
  },
  {
      "CreditedBranch": null,
      "CreditedRegion": "Southeast",
      "RenewalBase": 231048189,
      "RenewalForecast": 238872694,
      "NewForecast": 349611896,
      "OtherForecast": 6345422,
      "TotalForecast": 594830012,
      "Plan": 120763148,
      "ForecastvsPlanUSD": 474066864,
      "ForecastvsPlanPercentage": 2483.49
  },
  {
      "CreditedBranch": null,
      "CreditedRegion": "Southwest",
      "RenewalBase": 245688330,
      "RenewalForecast": 253012461,
      "NewForecast": 166201439,
      "OtherForecast": 4966892,
      "TotalForecast": 424180792,
      "Plan": 167911490,
      "ForecastvsPlanUSD": 256269302,
      "ForecastvsPlanPercentage": 1938.89
  },
  {
      "CreditedBranch": null,
      "CreditedRegion": "CreditedRegionTotal",
      "RenewalBase": 4248473935,
      "RenewalForecast": 4412770902,
      "NewForecast": 4968083211,
      "OtherForecast": 47273458,
      "TotalForecast": 9428127575,
      "Plan": 1906592850,
      "ForecastvsPlanUSD": 7521534725,
      "ForecastvsPlanPercentage": 25885.76
  },
  {
      "CreditedBranch": "Atlanta",
      "CreditedRegion": "Southeast",
      "RenewalBase": 87065040,
      "RenewalForecast": 90726852,
      "NewForecast": 252630765,
      "OtherForecast": 903622,
      "TotalForecast": 344261239,
      "Plan": 73426438,
      "ForecastvsPlanUSD": 270834801,
      "ForecastvsPlanPercentage": 468.85
  },
  {
      "CreditedBranch": "Austin",
      "CreditedRegion": "Southwest",
      "RenewalBase": 4021653,
      "RenewalForecast": 4256470,
      "NewForecast": 40306100,
      "OtherForecast": 413394,
      "TotalForecast": 44975964,
      "Plan": 4921209,
      "ForecastvsPlanUSD": 40054755,
      "ForecastvsPlanPercentage": 913.92
  },
  {
      "CreditedBranch": "Baltimore",
      "CreditedRegion": "Midatlantic",
      "RenewalBase": 15506079,
      "RenewalForecast": 16407479,
      "NewForecast": 340571256,
      "OtherForecast": 15157,
      "TotalForecast": 356993892,
      "Plan": 10146578,
      "ForecastvsPlanUSD": 346847314,
      "ForecastvsPlanPercentage": 3518.37
  },
  {
      "CreditedBranch": "Birmingham",
      "CreditedRegion": "Southeast",
      "RenewalBase": 6695593,
      "RenewalForecast": 7268579,
      "NewForecast": 12122208,
      "OtherForecast": 1359967,
      "TotalForecast": 20750754,
      "Plan": 8621941,
      "ForecastvsPlanUSD": 12128813,
      "ForecastvsPlanPercentage": 240.67
  },
  {
      "CreditedBranch": "Boston",
      "CreditedRegion": "Northeast",
      "RenewalBase": 92679267,
      "RenewalForecast": 102543403,
      "NewForecast": 92899179,
      "OtherForecast": 2111076,
      "TotalForecast": 197553658,
      "Plan": 60783600,
      "ForecastvsPlanUSD": 136770058,
      "ForecastvsPlanPercentage": 325.01
  },
  {
      "CreditedBranch": "Calgary",
      "CreditedRegion": "Canada",
      "RenewalBase": 4370096,
      "RenewalForecast": 4477386,
      "NewForecast": 4411819,
      "OtherForecast": 397864,
      "TotalForecast": 9287070,
      "Plan": 4578982,
      "ForecastvsPlanUSD": 4708088,
      "ForecastvsPlanPercentage": 202.82
  },
  {
      "CreditedBranch": "Charlotte",
      "CreditedRegion": "Southeast",
      "RenewalBase": 32960615,
      "RenewalForecast": 34046332,
      "NewForecast": 42275851,
      "OtherForecast": 2850757,
      "TotalForecast": 79172940,
      "Plan": 11842082,
      "ForecastvsPlanUSD": 67330858,
      "ForecastvsPlanPercentage": 668.57
  },
  {
      "CreditedBranch": "Chicago",
      "CreditedRegion": "Midwest",
      "RenewalBase": 132760037,
      "RenewalForecast": 155606195,
      "NewForecast": 302132472,
      "OtherForecast": 4609418,
      "TotalForecast": 462348085,
      "Plan": 162043328,
      "ForecastvsPlanUSD": 300304757,
      "ForecastvsPlanPercentage": 285.32
  },
  {
      "CreditedBranch": "Cincinnati",
      "CreditedRegion": "Midwest",
      "RenewalBase": 12774456,
      "RenewalForecast": 15759667,
      "NewForecast": 12600060,
      "OtherForecast": 16199,
      "TotalForecast": 28375926,
      "Plan": 9010983,
      "ForecastvsPlanUSD": 19364943,
      "ForecastvsPlanPercentage": 314.9
  },
  {
      "CreditedBranch": "Cleveland",
      "CreditedRegion": "Midwest",
      "RenewalBase": 9417200,
      "RenewalForecast": 10855083,
      "NewForecast": 24079251,
      "OtherForecast": 15769,
      "TotalForecast": 34950103,
      "Plan": 9858433,
      "ForecastvsPlanUSD": 25091670,
      "ForecastvsPlanPercentage": 354.52
  },
  {
      "CreditedBranch": "Columbus",
      "CreditedRegion": "Midwest",
      "RenewalBase": 5927340,
      "RenewalForecast": 6454274,
      "NewForecast": 3693721,
      "OtherForecast": -23820,
      "TotalForecast": 10124175,
      "Plan": 5250820,
      "ForecastvsPlanUSD": 4873355,
      "ForecastvsPlanPercentage": 192.81
  },
  {
      "CreditedBranch": "Dallas",
      "CreditedRegion": "Southwest",
      "RenewalBase": 142100269,
      "RenewalForecast": 147312489,
      "NewForecast": 60081192,
      "OtherForecast": 2514494,
      "TotalForecast": 209908175,
      "Plan": 95721494,
      "ForecastvsPlanUSD": 114186681,
      "ForecastvsPlanPercentage": 219.29
  },
  {
      "CreditedBranch": "Denver",
      "CreditedRegion": "Southwest",
      "RenewalBase": 37036610,
      "RenewalForecast": 38760135,
      "NewForecast": 11355852,
      "OtherForecast": 295066,
      "TotalForecast": 50411053,
      "Plan": 17957364,
      "ForecastvsPlanUSD": 32453689,
      "ForecastvsPlanPercentage": 280.73
  },
  {
      "CreditedBranch": "Des Moines",
      "CreditedRegion": "Midwest",
      "RenewalBase": 18330680,
      "RenewalForecast": 19913361,
      "NewForecast": 16367199,
      "OtherForecast": 435383,
      "TotalForecast": 36715943,
      "Plan": 13426520,
      "ForecastvsPlanUSD": 23289423,
      "ForecastvsPlanPercentage": 273.46
  },
  {
      "CreditedBranch": "Grand Rapids",
      "CreditedRegion": "Midwest",
      "RenewalBase": 5107544,
      "RenewalForecast": 5471810,
      "NewForecast": 8135551,
      "OtherForecast": 75655,
      "TotalForecast": 13683016,
      "Plan": 9212069,
      "ForecastvsPlanUSD": 4470947,
      "ForecastvsPlanPercentage": 148.53
  },
  {
      "CreditedBranch": "Harrisburg",
      "CreditedRegion": "Midatlantic",
      "RenewalBase": 6600411,
      "RenewalForecast": 7052438,
      "NewForecast": 8283534,
      "OtherForecast": 1661586,
      "TotalForecast": 16997558,
      "Plan": 6594039,
      "ForecastvsPlanUSD": 10403519,
      "ForecastvsPlanPercentage": 257.77
  },
  {
      "CreditedBranch": "Home Office",
      "CreditedRegion": "Home Office",
      "RenewalBase": 600205641,
      "RenewalForecast": 601105728,
      "NewForecast": 794827737,
      "OtherForecast": 4869110,
      "TotalForecast": 1400802576,
      "Plan": 365465497,
      "ForecastvsPlanUSD": 1035337079,
      "ForecastvsPlanPercentage": 383.29
  },
  {
      "CreditedBranch": "Houston",
      "CreditedRegion": "Southwest",
      "RenewalBase": 49065897,
      "RenewalForecast": 47390373,
      "NewForecast": 38864347,
      "OtherForecast": 257435,
      "TotalForecast": 86512155,
      "Plan": 38536655,
      "ForecastvsPlanUSD": 47975500,
      "ForecastvsPlanPercentage": 224.49
  },
  {
      "CreditedBranch": "Indianapolis",
      "CreditedRegion": "Midwest",
      "RenewalBase": 10714656,
      "RenewalForecast": 11377725,
      "NewForecast": 10066964,
      "OtherForecast": 620869,
      "TotalForecast": 22065558,
      "Plan": 9922849,
      "ForecastvsPlanUSD": 12142709,
      "ForecastvsPlanPercentage": 222.37
  },
  {
      "CreditedBranch": "Kansas City",
      "CreditedRegion": "Midwest",
      "RenewalBase": 17268555,
      "RenewalForecast": 18628188,
      "NewForecast": 40768694,
      "OtherForecast": 33949,
      "TotalForecast": 59430831,
      "Plan": 14278509,
      "ForecastvsPlanUSD": 45152322,
      "ForecastvsPlanPercentage": 416.23
  },
  {
      "CreditedBranch": "Los Angeles",
      "CreditedRegion": "Pacific",
      "RenewalBase": 54410183,
      "RenewalForecast": 60092756,
      "NewForecast": 82143360,
      "OtherForecast": 2846851,
      "TotalForecast": 145082967,
      "Plan": 60561305,
      "ForecastvsPlanUSD": 84521662,
      "ForecastvsPlanPercentage": 239.56
  },
  {
      "CreditedBranch": "Louisville",
      "CreditedRegion": "Midwest",
      "RenewalBase": 6327800,
      "RenewalForecast": 7305464,
      "NewForecast": 1568790,
      "OtherForecast": 3136,
      "TotalForecast": 8877390,
      "Plan": 6510793,
      "ForecastvsPlanUSD": 2366597,
      "ForecastvsPlanPercentage": 136.35
  },
  {
      "CreditedBranch": "Milwaukee",
      "CreditedRegion": "Midwest",
      "RenewalBase": 18369706,
      "RenewalForecast": 21316065,
      "NewForecast": 36689439,
      "OtherForecast": 752657,
      "TotalForecast": 58758161,
      "Plan": 19977723,
      "ForecastvsPlanUSD": 38780438,
      "ForecastvsPlanPercentage": 294.12
  },
  {
      "CreditedBranch": "Minneapolis",
      "CreditedRegion": "Midwest",
      "RenewalBase": 36679871,
      "RenewalForecast": 38316641,
      "NewForecast": 39903181,
      "OtherForecast": 167479,
      "TotalForecast": 78387301,
      "Plan": 35257198,
      "ForecastvsPlanUSD": 43130103,
      "ForecastvsPlanPercentage": 222.33
  },
  {
      "CreditedBranch": "Montreal",
      "CreditedRegion": "Canada",
      "RenewalBase": 4798346,
      "RenewalForecast": 5000753,
      "NewForecast": 3414567,
      "OtherForecast": 321019,
      "TotalForecast": 8736339,
      "Plan": 4736902,
      "ForecastvsPlanUSD": 3999437,
      "ForecastvsPlanPercentage": 184.43
  },
  {
      "CreditedBranch": "Nashville",
      "CreditedRegion": "Southeast",
      "RenewalBase": 26360391,
      "RenewalForecast": 27027676,
      "NewForecast": 18602621,
      "OtherForecast": 34351,
      "TotalForecast": 45664648,
      "Plan": 8603626,
      "ForecastvsPlanUSD": 37061022,
      "ForecastvsPlanPercentage": 530.76
  },
  {
      "CreditedBranch": "New Haven",
      "CreditedRegion": "Northeast",
      "RenewalBase": 1070633723,
      "RenewalForecast": 1070074071,
      "NewForecast": 76372019,
      "OtherForecast": 445633,
      "TotalForecast": 1146891723,
      "Plan": 20108536,
      "ForecastvsPlanUSD": 1126783187,
      "ForecastvsPlanPercentage": 5703.51
  },
  {
      "CreditedBranch": "New Jersey",
      "CreditedRegion": "New York",
      "RenewalBase": 36289917,
      "RenewalForecast": 36282087,
      "NewForecast": 76947275,
      "OtherForecast": 132686,
      "TotalForecast": 113362048,
      "Plan": 39527325,
      "ForecastvsPlanUSD": 73834723,
      "ForecastvsPlanPercentage": 286.79
  },
  {
      "CreditedBranch": "New York City",
      "CreditedRegion": "New York",
      "RenewalBase": 1079489833,
      "RenewalForecast": 1140028929,
      "NewForecast": 1802963799,
      "OtherForecast": 1215276,
      "TotalForecast": 2944208004,
      "Plan": 380927315,
      "ForecastvsPlanUSD": 2563280689,
      "ForecastvsPlanPercentage": 772.91
  },
  {
      "CreditedBranch": "Newport Beach",
      "CreditedRegion": "Pacific",
      "RenewalBase": 51382319,
      "RenewalForecast": 52951652,
      "NewForecast": 14687746,
      "OtherForecast": 501770,
      "TotalForecast": 68141168,
      "Plan": 11121325,
      "ForecastvsPlanUSD": 57019843,
      "ForecastvsPlanPercentage": 612.71
  },
  {
      "CreditedBranch": "Philadelphia",
      "CreditedRegion": "Midatlantic",
      "RenewalBase": 107522104,
      "RenewalForecast": 112832317,
      "NewForecast": 141854836,
      "OtherForecast": 2736450,
      "TotalForecast": 257423603,
      "Plan": 81766932,
      "ForecastvsPlanUSD": 175656671,
      "ForecastvsPlanPercentage": 314.83
  },
  {
      "CreditedBranch": "Phoenix",
      "CreditedRegion": "Pacific",
      "RenewalBase": 3342543,
      "RenewalForecast": 3851719,
      "NewForecast": 6910851,
      "OtherForecast": 827772,
      "TotalForecast": 11590342,
      "Plan": 6482429,
      "ForecastvsPlanUSD": 5107913,
      "ForecastvsPlanPercentage": 178.8
  },
  {
      "CreditedBranch": "Pittsburgh",
      "CreditedRegion": "Midatlantic",
      "RenewalBase": 17639868,
      "RenewalForecast": 19033894,
      "NewForecast": 15186447,
      "OtherForecast": 342164,
      "TotalForecast": 34562505,
      "Plan": 15205563,
      "ForecastvsPlanUSD": 19356942,
      "ForecastvsPlanPercentage": 227.3
  },
  {
      "CreditedBranch": "Portland",
      "CreditedRegion": "Pacific",
      "RenewalBase": 6955769,
      "RenewalForecast": 7775512,
      "NewForecast": 6371269,
      "OtherForecast": 337415,
      "TotalForecast": 14484196,
      "Plan": 7682833,
      "ForecastvsPlanUSD": 6801363,
      "ForecastvsPlanPercentage": 188.53
  },
  {
      "CreditedBranch": "Richmond",
      "CreditedRegion": "Midatlantic",
      "RenewalBase": 5077512,
      "RenewalForecast": 5260067,
      "NewForecast": 7179337,
      "OtherForecast": 86402,
      "TotalForecast": 12525806,
      "Plan": 4842097,
      "ForecastvsPlanUSD": 7683709,
      "ForecastvsPlanPercentage": 258.69
  },
  {
      "CreditedBranch": "Rochester",
      "CreditedRegion": "Northeast",
      "RenewalBase": 23496317,
      "RenewalForecast": 25653163,
      "NewForecast": 23634466,
      "OtherForecast": 318806,
      "TotalForecast": 49606435,
      "Plan": 21414882,
      "ForecastvsPlanUSD": 28191553,
      "ForecastvsPlanPercentage": 231.64
  },
  {
      "CreditedBranch": "San Diego",
      "CreditedRegion": "Pacific",
      "RenewalBase": 6132583,
      "RenewalForecast": 6583643,
      "NewForecast": 5298393,
      "OtherForecast": 10829,
      "TotalForecast": 11892865,
      "Plan": 8283510,
      "ForecastvsPlanUSD": 3609355,
      "ForecastvsPlanPercentage": 143.57
  },
  {
      "CreditedBranch": "San Francisco",
      "CreditedRegion": "Pacific",
      "RenewalBase": 38332139,
      "RenewalForecast": 41243495,
      "NewForecast": 65560215,
      "OtherForecast": 1022374,
      "TotalForecast": 107826084,
      "Plan": 44608752,
      "ForecastvsPlanUSD": 63217332,
      "ForecastvsPlanPercentage": 241.72
  },
  {
      "CreditedBranch": "San Ramon",
      "CreditedRegion": "Pacific",
      "RenewalBase": 65231638,
      "RenewalForecast": 68194826,
      "NewForecast": 204253825,
      "OtherForecast": 3804996,
      "TotalForecast": 276253647,
      "Plan": 15483301,
      "ForecastvsPlanUSD": 260770346,
      "ForecastvsPlanPercentage": 1784.2
  },
  {
      "CreditedBranch": "Schaumburg",
      "CreditedRegion": "Midwest",
      "RenewalBase": 18855552,
      "RenewalForecast": 19952700,
      "NewForecast": 26656263,
      "OtherForecast": 973213,
      "TotalForecast": 47582176,
      "Plan": 14985805,
      "ForecastvsPlanUSD": 32596371,
      "ForecastvsPlanPercentage": 317.51
  },
  {
      "CreditedBranch": "Seattle",
      "CreditedRegion": "Pacific",
      "RenewalBase": 21512466,
      "RenewalForecast": 24387201,
      "NewForecast": 14440063,
      "OtherForecast": 783997,
      "TotalForecast": 39611261,
      "Plan": 10221232,
      "ForecastvsPlanUSD": 29390029,
      "ForecastvsPlanPercentage": 387.54
  },
  {
      "CreditedBranch": "St. Louis",
      "CreditedRegion": "Midwest",
      "RenewalBase": 25438698,
      "RenewalForecast": 25773768,
      "NewForecast": 19751111,
      "OtherForecast": 2178983,
      "TotalForecast": 47703862,
      "Plan": 15505362,
      "ForecastvsPlanUSD": 32198500,
      "ForecastvsPlanPercentage": 307.66
  },
  {
      "CreditedBranch": "Tampa",
      "CreditedRegion": "Southeast",
      "RenewalBase": 77966550,
      "RenewalForecast": 79803255,
      "NewForecast": 23980451,
      "OtherForecast": 1196725,
      "TotalForecast": 104980431,
      "Plan": 18269061,
      "ForecastvsPlanUSD": 86711370,
      "ForecastvsPlanPercentage": 574.64
  },
  {
      "CreditedBranch": "Toronto",
      "CreditedRegion": "Canada",
      "RenewalBase": 24130744,
      "RenewalForecast": 24776852,
      "NewForecast": 12867795,
      "OtherForecast": 30009,
      "TotalForecast": 37674657,
      "Plan": 32378229,
      "ForecastvsPlanUSD": 5296428,
      "ForecastvsPlanPercentage": 116.36
  },
  {
      "CreditedBranch": "Troy",
      "CreditedRegion": "Midwest",
      "RenewalBase": 16445778,
      "RenewalForecast": 19323534,
      "NewForecast": 15381231,
      "OtherForecast": -78242,
      "TotalForecast": 34626523,
      "Plan": 15193654,
      "ForecastvsPlanUSD": 19432869,
      "ForecastvsPlanPercentage": 227.9
  },
  {
      "CreditedBranch": "Tulsa",
      "CreditedRegion": "Southwest",
      "RenewalBase": 13463901,
      "RenewalForecast": 15292994,
      "NewForecast": 15593948,
      "OtherForecast": 1486503,
      "TotalForecast": 32373445,
      "Plan": 10774768,
      "ForecastvsPlanUSD": 21598677,
      "ForecastvsPlanPercentage": 300.46
  },
  {
      "CreditedBranch": "Uniondale",
      "CreditedRegion": "New York",
      "RenewalBase": 53222791,
      "RenewalForecast": 58134834,
      "NewForecast": 37226129,
      "OtherForecast": 283133,
      "TotalForecast": 95644096,
      "Plan": 19875657,
      "ForecastvsPlanUSD": 75768439,
      "ForecastvsPlanPercentage": 481.21
  },
  {
      "CreditedBranch": "Vancouver",
      "CreditedRegion": "Canada",
      "RenewalBase": 4273408,
      "RenewalForecast": 4409360,
      "NewForecast": 1992823,
      "OtherForecast": 78789,
      "TotalForecast": 6480973,
      "Plan": 3297282,
      "ForecastvsPlanUSD": 3183691,
      "ForecastvsPlanPercentage": 196.56
  },
  {
      "CreditedBranch": "Washington DC",
      "CreditedRegion": "Midatlantic",
      "RenewalBase": 22009567,
      "RenewalForecast": 23520250,
      "NewForecast": 30201654,
      "OtherForecast": 556736,
      "TotalForecast": 54278640,
      "Plan": 25401984,
      "ForecastvsPlanUSD": 28876656,
      "ForecastvsPlanPercentage": 213.68
  },
  {
      "CreditedBranch": "White Plains",
      "CreditedRegion": "New York",
      "RenewalBase": 22074279,
      "RenewalForecast": 23157457,
      "NewForecast": 23975555,
      "OtherForecast": 442596,
      "TotalForecast": 47575608,
      "Plan": 15988079,
      "ForecastvsPlanUSD": 31587529,
      "ForecastvsPlanPercentage": 297.57
  },
  {
      "CreditedBranch": null,
      "CreditedRegion": "CreditedBranchTotal",
      "RenewalBase": 4248473935,
      "RenewalForecast": 4412770902,
      "NewForecast": 4968083211,
      "OtherForecast": 47273458,
      "TotalForecast": 9428127575,
      "Plan": 1906592850,
      "ForecastvsPlanUSD": 7521534725,
      "ForecastvsPlanPercentage": 25885.76
  }
]