[
  {
      "Company": "Commercial Insurance Division",
      "Division": "Chubb Casualty",
      "EffectiveDate": "2020-02-28T00:00:00",
      "ExpirationDate": "2021-02-28T00:00:00",
      "Customer": "RN PROPERTIES SOUTH MOUNTAIN, LLC",
      "GrossForecast": 0,
      "ProducerName": "THE CLEMENTS AGENCY LLC",
      "ProducerCity": "TUCSON, AZ",
      "Product": "Umbrella",
      "Status": "Target-Closed",
      "Source": "Not Targeted",
      "ConfidenceFactor": 1,
      "Type": "New",
      "PolicyNumber": null,
      "UnderWriter": "Jake  Gorski",
      "IsWriteAccess": 1,
      "Details": {
          "RecordNo": 257819751,
          "CompanyName": "Commercial Insurance Division",
          "GroupName": "Chubb Commercial Insurance Division",
          "Subgroup": "Chubb Commercial Insurance Division",
          "Division": "Chubb Casualty",
          "PolicyNumber": null
      }
  },
  {
      "Company": "Commercial Insurance Division",
      "Division": "Chubb Casualty",
      "EffectiveDate": "2018-12-31T00:00:00",
      "ExpirationDate": "2019-12-31T00:00:00",
      "Customer": "EDGEWATER TECHNOLOGY, INC.",
      "GrossForecast": 4072,
      "ProducerName": "Marsh",
      "ProducerCity": "SAN ANTONIO, TX",
      "Product": "Worldnet",
      "Status": "Pending",
      "Source": "Not Targeted",
      "ConfidenceFactor": 6,
      "Type": "Renewal",
      "PolicyNumber": "000035842976",
      "UnderWriter": "Jordan Siegel",
      "IsWriteAccess": 1,
      "Details": {
          "RecordNo": 256111029,
          "CompanyName": "Commercial Insurance Division",
          "GroupName": "Chubb Commercial Insurance Division",
          "Subgroup": "Chubb Commercial Insurance Division",
          "Division": "Chubb Casualty",
          "PolicyNumber": "000035842976"
      }
  },
  {
      "Company": "Commercial Insurance Division",
      "Division": "Chubb Casualty",
      "EffectiveDate": "2019-02-05T00:00:00",
      "ExpirationDate": "2020-02-05T00:00:00",
      "Customer": "GEORG CAPCO INC",
      "GrossForecast": 1,
      "ProducerName": "AssuredPartners",
      "ProducerCity": "WESTCHESTER, IL",
      "Product": "Umbrella",
      "Status": "Target",
      "Source": "Targeted",
      "ConfidenceFactor": 2,
      "Type": "New",
      "PolicyNumber": "",
      "UnderWriter": " ",
      "IsWriteAccess": 1,
      "Details": {
          "RecordNo": 256111023,
          "CompanyName": "Commercial Insurance Division",
          "GroupName": "Chubb Commercial Insurance Division",
          "Subgroup": "Chubb Commercial Insurance Division",
          "Division": "Chubb Casualty",
          "PolicyNumber": ""
      }
  },
  {
      "Company": "Commercial Insurance Division",
      "Division": "Chubb Casualty",
      "EffectiveDate": "2019-01-01T00:00:00",
      "ExpirationDate": "2020-01-01T00:00:00",
      "Customer": "AWL USA INC.",
      "GrossForecast": 15638,
      "ProducerName": "MULTINATIONAL ACCOUNT NO US BROKER REQUIRED",
      "ProducerCity": "WILMINGTON, DE",
      "Product": "Modular General Liability",
      "Status": "Quoted",
      "Source": "Not Targeted",
      "ConfidenceFactor": 3,
      "Type": "New",
      "PolicyNumber": "",
      "UnderWriter": "Kristin Nevins",
      "IsWriteAccess": 1,
      "Details": {
          "RecordNo": 256110999,
          "CompanyName": "Commercial Insurance Division",
          "GroupName": "Chubb Commercial Insurance Division",
          "Subgroup": "Chubb Commercial Insurance Division",
          "Division": "Chubb Casualty",
          "PolicyNumber": ""
      }
  },
  {
      "Company": "Commercial Insurance Division",
      "Division": "Chubb Casualty",
      "EffectiveDate": "2019-02-05T00:00:00",
      "ExpirationDate": "2020-02-05T00:00:00",
      "Customer": "CLAYTON CORPORATION",
      "GrossForecast": 1,
      "ProducerName": "AssuredPartners",
      "ProducerCity": "WESTCHESTER, IL",
      "Product": "Applied Technologies Package",
      "Status": "Target",
      "Source": "Targeted",
      "ConfidenceFactor": 2,
      "Type": "New",
      "PolicyNumber": "",
      "UnderWriter": " ",
      "IsWriteAccess": 1,
      "Details": {
          "RecordNo": 256110971,
          "CompanyName": "Commercial Insurance Division",
          "GroupName": "Chubb Commercial Insurance Division",
          "Subgroup": "Chubb Commercial Insurance Division",
          "Division": "Chubb Casualty",
          "PolicyNumber": ""
      }
  },
  {
      "Company": "Commercial Insurance Division",
      "Division": "Chubb Casualty",
      "EffectiveDate": "2019-02-05T00:00:00",
      "ExpirationDate": "2020-02-05T00:00:00",
      "Customer": "GEORG CAPCO INC",
      "GrossForecast": 1,
      "ProducerName": "AssuredPartners",
      "ProducerCity": "WESTCHESTER, IL",
      "Product": "Modular Package",
      "Status": "Target",
      "Source": "Targeted",
      "ConfidenceFactor": 2,
      "Type": "New",
      "PolicyNumber": "",
      "UnderWriter": " ",
      "IsWriteAccess": 1,
      "Details": {
          "RecordNo": 256110964,
          "CompanyName": "Commercial Insurance Division",
          "GroupName": "Chubb Commercial Insurance Division",
          "Subgroup": "Chubb Commercial Insurance Division",
          "Division": "Chubb Casualty",
          "PolicyNumber": ""
      }
  },
  {
      "Company": "Commercial Insurance Division",
      "Division": "Chubb Casualty",
      "EffectiveDate": "2019-01-01T00:00:00",
      "ExpirationDate": "2020-01-01T00:00:00",
      "Customer": "ALCORTA USA INC",
      "GrossForecast": 1620,
      "ProducerName": "MULTINATIONAL ACCOUNT NO US BROKER REQUIRED",
      "ProducerCity": "WILMINGTON, DE",
      "Product": "Modular General Liability",
      "Status": "Quoted",
      "Source": "Not Targeted",
      "ConfidenceFactor": 3,
      "Type": "New",
      "PolicyNumber": "",
      "UnderWriter": "Ramya Krishnan",
      "IsWriteAccess": 1,
      "Details": {
          "RecordNo": 256110960,
          "CompanyName": "Commercial Insurance Division",
          "GroupName": "Chubb Commercial Insurance Division",
          "Subgroup": "Chubb Commercial Insurance Division",
          "Division": "Chubb Casualty",
          "PolicyNumber": ""
      }
  },
  {
      "Company": "Commercial Insurance Division",
      "Division": "Chubb Casualty",
      "EffectiveDate": "2019-02-05T00:00:00",
      "ExpirationDate": "2020-02-05T00:00:00",
      "Customer": "GEORG CAPCO INC",
      "GrossForecast": 1,
      "ProducerName": "AssuredPartners",
      "ProducerCity": "WESTCHESTER, IL",
      "Product": "Auto",
      "Status": "Target",
      "Source": "Targeted",
      "ConfidenceFactor": 2,
      "Type": "New",
      "PolicyNumber": "",
      "UnderWriter": " ",
      "IsWriteAccess": 1,
      "Details": {
          "RecordNo": 256110939,
          "CompanyName": "Commercial Insurance Division",
          "GroupName": "Chubb Commercial Insurance Division",
          "Subgroup": "Chubb Commercial Insurance Division",
          "Division": "Chubb Casualty",
          "PolicyNumber": ""
      }
  },
  {
      "Company": "Commercial Insurance Division",
      "Division": "Chubb Casualty",
      "EffectiveDate": "2019-02-05T00:00:00",
      "ExpirationDate": "2020-02-05T00:00:00",
      "Customer": "CLAYTON CORPORATION",
      "GrossForecast": 1,
      "ProducerName": "AssuredPartners",
      "ProducerCity": "WESTCHESTER, IL",
      "Product": "WORK COMP                                    ",
      "Status": "Target",
      "Source": "Targeted",
      "ConfidenceFactor": 2,
      "Type": "New",
      "PolicyNumber": "",
      "UnderWriter": " ",
      "IsWriteAccess": 1,
      "Details": {
          "RecordNo": 256110917,
          "CompanyName": "Commercial Insurance Division",
          "GroupName": "Chubb Commercial Insurance Division",
          "Subgroup": "Chubb Commercial Insurance Division",
          "Division": "Chubb Casualty",
          "PolicyNumber": ""
      }
  },
  {
      "Company": "Commercial Insurance Division",
      "Division": "Chubb Casualty",
      "EffectiveDate": "2019-02-05T00:00:00",
      "ExpirationDate": "2020-02-05T00:00:00",
      "Customer": "GEORG CAPCO INC",
      "GrossForecast": 1,
      "ProducerName": "AssuredPartners",
      "ProducerCity": "WESTCHESTER, IL",
      "Product": "WORK COMP                                    ",
      "Status": "Target",
      "Source": "Targeted",
      "ConfidenceFactor": 2,
      "Type": "New",
      "PolicyNumber": "",
      "UnderWriter": " ",
      "IsWriteAccess": 1,
      "Details": {
          "RecordNo": 256110896,
          "CompanyName": "Commercial Insurance Division",
          "GroupName": "Chubb Commercial Insurance Division",
          "Subgroup": "Chubb Commercial Insurance Division",
          "Division": "Chubb Casualty",
          "PolicyNumber": ""
      }
  },
  {
      "Company": "Commercial Insurance Division",
      "Division": "Chubb Casualty",
      "EffectiveDate": "2019-02-05T00:00:00",
      "ExpirationDate": "2020-02-05T00:00:00",
      "Customer": "CLAYTON CORPORATION",
      "GrossForecast": 1,
      "ProducerName": "AssuredPartners",
      "ProducerCity": "WESTCHESTER, IL",
      "Product": "Umbrella",
      "Status": "Target",
      "Source": "Targeted",
      "ConfidenceFactor": 2,
      "Type": "New",
      "PolicyNumber": "",
      "UnderWriter": " ",
      "IsWriteAccess": 1,
      "Details": {
          "RecordNo": 256110894,
          "CompanyName": "Commercial Insurance Division",
          "GroupName": "Chubb Commercial Insurance Division",
          "Subgroup": "Chubb Commercial Insurance Division",
          "Division": "Chubb Casualty",
          "PolicyNumber": ""
      }
  },
  {
      "Company": "Commercial Insurance Division",
      "Division": "Chubb Casualty",
      "EffectiveDate": "2018-12-31T00:00:00",
      "ExpirationDate": "2019-12-31T00:00:00",
      "Customer": "EDGEWATER TECHNOLOGY, INC.",
      "GrossForecast": 4072,
      "ProducerName": "Arthur J Gallagher",
      "ProducerCity": "BOSTON, MA",
      "Product": "Worldnet",
      "Status": "Pending",
      "Source": "Not Targeted",
      "ConfidenceFactor": 6,
      "Type": "Renewal",
      "PolicyNumber": "000035842976",
      "UnderWriter": "Elizabeth Saxe",
      "IsWriteAccess": 1,
      "Details": {
          "RecordNo": 256026632,
          "CompanyName": "Commercial Insurance Division",
          "GroupName": "Chubb Commercial Insurance Division",
          "Subgroup": "Chubb Commercial Insurance Division",
          "Division": "Chubb Casualty",
          "PolicyNumber": "000035842976"
      }
  },
  {
      "Company": "Commercial Insurance Division",
      "Division": "Chubb Casualty",
      "EffectiveDate": "2019-01-07T00:00:00",
      "ExpirationDate": "2020-01-07T00:00:00",
      "Customer": "E INK CORPORATION",
      "GrossForecast": 5000,
      "ProducerName": "AON",
      "ProducerCity": "BOSTON, MA",
      "Product": "Applied Technologies Pkg/Qcc Policy",
      "Status": "Target",
      "Source": "Targeted",
      "ConfidenceFactor": 2,
      "Type": "New",
      "PolicyNumber": "",
      "UnderWriter": "George Weimer",
      "IsWriteAccess": 1,
      "Details": {
          "RecordNo": 256026471,
          "CompanyName": "Commercial Insurance Division",
          "GroupName": "Chubb Commercial Insurance Division",
          "Subgroup": "Chubb Commercial Insurance Division",
          "Division": "Chubb Casualty",
          "PolicyNumber": ""
      }
  },
  {
      "Company": "Commercial Insurance Division",
      "Division": "Chubb Casualty",
      "EffectiveDate": "2019-01-01T00:00:00",
      "ExpirationDate": "2020-01-01T00:00:00",
      "Customer": "PANOLIN AMERICA, INC.",
      "GrossForecast": 1290,
      "ProducerName": "MULTINATIONAL ACCOUNT NO US BROKER REQUIRED",
      "ProducerCity": "WILMINGTON, DE",
      "Product": "Auto",
      "Status": "Quoted",
      "Source": "Not Targeted",
      "ConfidenceFactor": 3,
      "Type": "New",
      "PolicyNumber": "",
      "UnderWriter": "Ramya Krishnan",
      "IsWriteAccess": 1,
      "Details": {
          "RecordNo": 256026006,
          "CompanyName": "Commercial Insurance Division",
          "GroupName": "Chubb Commercial Insurance Division",
          "Subgroup": "Chubb Commercial Insurance Division",
          "Division": "Chubb Casualty",
          "PolicyNumber": ""
      }
  },
  {
      "Company": "Commercial Insurance Division",
      "Division": "Chubb Casualty",
      "EffectiveDate": "2019-01-01T00:00:00",
      "ExpirationDate": "2020-01-01T00:00:00",
      "Customer": "LifeWarmer",
      "GrossForecast": 0,
      "ProducerName": "USI",
      "ProducerCity": "DALLAS, TX",
      "Product": "",
      "Status": "Target",
      "Source": "Targeted",
      "ConfidenceFactor": 0,
      "Type": "New",
      "PolicyNumber": null,
      "UnderWriter": "JUDY HUFFMAN",
      "IsWriteAccess": 1,
      "Details": {
          "RecordNo": 255943042,
          "CompanyName": "Commercial Insurance Division",
          "GroupName": "Chubb Commercial Insurance Division",
          "Subgroup": "Chubb Commercial Insurance Division",
          "Division": "Chubb Casualty",
          "PolicyNumber": null
      }
  },
  {
      "Company": "Commercial Insurance Division",
      "Division": "Chubb Casualty",
      "EffectiveDate": "2019-01-01T00:00:00",
      "ExpirationDate": "2020-01-01T00:00:00",
      "Customer": "SCHNEEBERGER, INC.",
      "GrossForecast": 0,
      "ProducerName": "CHUBB DIRECT/GAB",
      "ProducerCity": "WHITEHOUSE STATION, NJ",
      "Product": "Auto",
      "Status": "Working",
      "Source": "Not Targeted",
      "ConfidenceFactor": 3,
      "Type": "New",
      "PolicyNumber": "",
      "UnderWriter": "Ramya Krishnan",
      "IsWriteAccess": 1,
      "Details": {
          "RecordNo": 255938280,
          "CompanyName": "Commercial Insurance Division",
          "GroupName": "Chubb Commercial Insurance Division",
          "Subgroup": "Chubb Commercial Insurance Division",
          "Division": "Chubb Casualty",
          "PolicyNumber": ""
      }
  },
  {
      "Company": "Commercial Insurance Division",
      "Division": "Chubb Casualty",
      "EffectiveDate": "2019-01-01T00:00:00",
      "ExpirationDate": "2020-01-01T00:00:00",
      "Customer": "SCHNEEBERGER, INC.",
      "GrossForecast": 0,
      "ProducerName": "CHUBB DIRECT/GAB",
      "ProducerCity": "WHITEHOUSE STATION, NJ",
      "Product": "WORK COMP                                    ",
      "Status": "Working",
      "Source": "Not Targeted",
      "ConfidenceFactor": 3,
      "Type": "New",
      "PolicyNumber": "",
      "UnderWriter": "Ramya Krishnan",
      "IsWriteAccess": 1,
      "Details": {
          "RecordNo": 255938195,
          "CompanyName": "Commercial Insurance Division",
          "GroupName": "Chubb Commercial Insurance Division",
          "Subgroup": "Chubb Commercial Insurance Division",
          "Division": "Chubb Casualty",
          "PolicyNumber": ""
      }
  },
  {
      "Company": "Commercial Insurance Division",
      "Division": "Chubb Casualty",
      "EffectiveDate": "2019-01-01T00:00:00",
      "ExpirationDate": "2020-01-01T00:00:00",
      "Customer": "MONOTYPE IMAGING HOLDINGS",
      "GrossForecast": 10000,
      "ProducerName": "Arthur J Gallagher",
      "ProducerCity": "BOSTON, MA",
      "Product": "Umbrella",
      "Status": "Target",
      "Source": "Targeted",
      "ConfidenceFactor": 2,
      "Type": "New",
      "PolicyNumber": "",
      "UnderWriter": "Courtney Raneri",
      "IsWriteAccess": 1,
      "Details": {
          "RecordNo": 255937910,
          "CompanyName": "Commercial Insurance Division",
          "GroupName": "Chubb Commercial Insurance Division",
          "Subgroup": "Chubb Commercial Insurance Division",
          "Division": "Chubb Casualty",
          "PolicyNumber": ""
      }
  },
  {
      "Company": "Commercial Insurance Division",
      "Division": "Chubb Casualty",
      "EffectiveDate": "2019-01-01T00:00:00",
      "ExpirationDate": "2020-01-01T00:00:00",
      "Customer": "FRIANT & ASSOCIATES LLC",
      "GrossForecast": 60000,
      "ProducerName": "GRANITE PROFESSIONAL INSURANCE BROKERAGE INC - PAY",
      "ProducerCity": "PLEASANTON, CA",
      "Product": "Modular Package",
      "Status": "Target",
      "Source": "Targeted",
      "ConfidenceFactor": 2,
      "Type": "New",
      "PolicyNumber": "",
      "UnderWriter": " ",
      "IsWriteAccess": 1,
      "Details": {
          "RecordNo": 255937565,
          "CompanyName": "Commercial Insurance Division",
          "GroupName": "Chubb Commercial Insurance Division",
          "Subgroup": "Chubb Commercial Insurance Division",
          "Division": "Chubb Casualty",
          "PolicyNumber": ""
      }
  },
  {
      "Company": "Commercial Insurance Division",
      "Division": "Chubb Casualty",
      "EffectiveDate": "2019-01-01T00:00:00",
      "ExpirationDate": "2020-01-01T00:00:00",
      "Customer": "ACUMENTRICS CORPORATION",
      "GrossForecast": 1,
      "ProducerName": "The Hilb Group",
      "ProducerCity": "HYANNIS, MA",
      "Product": "Umbrella",
      "Status": "Target",
      "Source": "Targeted",
      "ConfidenceFactor": 2,
      "Type": "New",
      "PolicyNumber": "",
      "UnderWriter": "Jared Barber",
      "IsWriteAccess": 1,
      "Details": {
          "RecordNo": 255937292,
          "CompanyName": "Commercial Insurance Division",
          "GroupName": "Chubb Commercial Insurance Division",
          "Subgroup": "Chubb Commercial Insurance Division",
          "Division": "Chubb Casualty",
          "PolicyNumber": ""
      }
  },
  {
      "Company": "Commercial Insurance Division",
      "Division": "Chubb Casualty",
      "EffectiveDate": "2018-12-22T00:00:00",
      "ExpirationDate": "2019-12-22T00:00:00",
      "Customer": "HUMAX USA INC",
      "GrossForecast": 25000,
      "ProducerName": "ANDREINI & COMPANY OF SOUTHERN CALIFORNIA",
      "ProducerCity": "SANTA ANA, CA",
      "Product": "Modular Package",
      "Status": "Target",
      "Source": "Targeted",
      "ConfidenceFactor": 2,
      "Type": "New",
      "PolicyNumber": "",
      "UnderWriter": "Sheryl Wooldridge",
      "IsWriteAccess": 1,
      "Details": {
          "RecordNo": 255936987,
          "CompanyName": "Commercial Insurance Division",
          "GroupName": "Chubb Commercial Insurance Division",
          "Subgroup": "Chubb Commercial Insurance Division",
          "Division": "Chubb Casualty",
          "PolicyNumber": ""
      }
  }
 ]
