{
    "regionalManager": {
        "UserFirstName": "JEFFREY",
        "UserLastName": "RYAN",
        "Email": "jryan@chubb.com",
        "CreditedRegion": [
          "Midatlantic"
        ],
        "CreditedBranch": [
          "Baltimore",
          "Richmond",
          "Washington DC"
        ],
        "UWRegion": [
          "Midatlantic"
        ],
        "UWBranch": [
          "Baltimore",
          "Washington DC"
        ],
        "ProducerRegion": [
          "Midatlantic"
        ],
        "ProducerBranch": [
          "Baltimore",
          "Richmond",
          "Washington DC"
        ],
        "PreferredCompany": [
          "Commercial Insurance Division",
          "Legacy Chubb",
          "Major Accounts Division",
          "Small Retail Division"
        ],
        "PreferredDivision": [
          "Chubb Commercial Insurance Division",
          "Chubb Major Accounts Division",
          "Chubb Small Commercial",
          "Professional-Risk - Commercial",
          "Professional-Risk - Major",
          "Professional-Risk - Small Retail"
        ],
        "PreferredUnit": [
          "Chubb Commercial Insurance Division",
          "Chubb Major Accounts Division",
          "Chubb Small Commercial",
          "Professional and Management Liability"
        ],
        "PreferredSegment": [
          "Commercial - Private Company/NFP",
          "Major - Private Company/NFP",
          "Small Retail - Private Company/NFP"
        ],
        "PreferredCurrency": "EUR",
        "UserType": "Regional Manager",
        "LandingPage": "Forecast Detailed",
        "DynamicUser": "No",
        "LoginNo": 12803,
        "UserID": "B043236"
       },
       "underwriter":
    {
        "UserFirstName": "Madison",
        "UserLastName": "Eckles-Shehadi",
        "Email": "Madison.Eckles-Shehadi@acegroup.com",
        "CreditedRegion": [
          ""
        ],
        "CreditedBranch": [],
        "UWRegion": [
          "New York"
        ],
        "UWBranch": [],
        "ProducerRegion": [
          ""
        ],
        "ProducerBranch": [],
        "PreferredCompany": [],
        "PreferredDivision": [
          ""
        ],
        "PreferredUnit": [
          ""
        ],
        "PreferredSegment": [
          ""
        ],
        "PreferredCurrency": "USD",
        "UserType": "Underwriter",
        "LandingPage": "Forecast Detailed",
        "DynamicUser": "Yes",
        "LoginNo": 8703,
        "UserID": "M4ECKL"
    },
  "branchManager":
    {
        "UserFirstName": "CATHERINE",
        "UserLastName": "ADCOCK",
        "Email": "cadcock@chubb.com",
        "CreditedRegion": [],
        "CreditedBranch": [
            "San Francisco"
        ],
        "UWRegion": [
            ""
        ],
        "UWBranch": [
            ""
        ],
        "ProducerRegion": [
            ""
        ],
        "ProducerBranch": [
            ""
        ],
        "PreferredCompany": [
            ""
        ],
        "PreferredDivision": [
            ""
        ],
        "PreferredUnit": [
            ""
        ],
        "PreferredSegment": [
            "Commercial - Private Company/NFP",
            "Major - Private Company/NFP",
            "Small Retail - Private Company/NFP"
        ],
        "PreferredCurrency": "USD",
        "UserType": "Branch Manager",
        "LandingPage": "Forecast Detailed",
        "DynamicUser": "No",
        "LoginNo": 11370,
        "UserID": "B005301"
    },
  "underwriterManager": {
    "UserFirstName": "MEGHAN",
    "UserLastName": "ORTIZ",
    "Email": "meghan.ortiz@chubb.com",
    "CreditedRegion": [
        ""
    ],
    "CreditedBranch": [
        ""
    ],
    "UWRegion": [
        ""
    ],
    "UWBranch": [
        ""
    ],
    "ProducerRegion": [
        ""
    ],
    "ProducerBranch": [
        ""
    ],
    "PreferredCompany": [
        ""
    ],
    "PreferredDivision": [
        ""
    ],
    "PreferredUnit": [
        ""
    ],
    "PreferredSegment": [
        ""
    ],
    "PreferredCurrency": "USD",
    "UserType": "Underwriter Manager",
    "LandingPage": "Forecast Detailed",
    "DynamicUser": "Yes",
    "LoginNo": 12508,
    "UserID": "M4MUL2"
  },
  "forecast": {
    "Forecast": 23861955,
    "ContributedCompanies": "Commercial Insurance Division,Major Accounts Division,Personal Lines Division,Small Retail Division,Wholesale/Excess & Surplus Division",
    "ContributedCreditedBranches": "Atlanta,Austin,Baltimore,Boston,Calgary,Charlotte,Chicago,Cincinnati,Cleveland,Columbus,Dallas,Denver,Des Moines,Grand Rapids,Harrisburg,Home Office,Houston,Indianapolis,Kansas City,Los Angeles,Louisville,Milwaukee,Minneapolis,Montreal,Nashville,New Haven,New Jersey,New York City,Newport Beach,Philadelphia,Phoenix,Pittsburgh,Portland,Richmond,Rochester,San Diego,San Francisco,San Ramon,Schaumburg,Seattle,St. Louis,Tampa,Toronto,Troy,Tulsa,Uniondale,Vancouver,Washington DC,White Plains"
  },
  "overviewbyaccountingmonth": {
    "NBForecast": 235714060,
    "NBTargetPercentage": 0,
    "NBTotalCount": 5954,
    "NBTargetCount": 3000,
    "RenewalBoundForecast": 1062170,
    "RenewalTotalForecast": 4389881,
    "RenewalBoundPercentage": 24.18,
    "RetentionRatePercentage": 99.89,
    "RetainedCount": 1826,
    "LostCount": 2
 },
 "newBusinessGoals": {
  "YearlyGoal": 1000000,
  "GoalsAchievedSoFar": 250000,
  "YearlyGoalPercentage": 25,
  "GoalsToBeAcheived": 400000
},
"travelGoals": {
  "YearlyGoal": 150,
  "GoalsAchievedSoFar": 50,
  "YearlyGoalPercentage": 33.33,
  "GoalsToBeAcheived": 60
},
"newBusiness" : [
    {
        "Status": "Submissions",
        "StatusCount": 4062,
        "StatusForecast": 77460
    },
    {
        "Status": "Bound",
        "StatusCount": 1076,
        "StatusForecast": 393134631
    },
    {
        "Status": "Quoted",
        "StatusCount": 4563,
        "StatusForecast": 237723165
    },
    {
        "Status": "Lost",
        "StatusCount": 0,
        "StatusForecast": 0
    }
 ],
"newBusinessTable": [
  {
      "EffectiveDate": "2019-02-14T00:00:00",
      "Forecast": 200,
      "ProducerName": "Peachtree Special Risk",
      "ProducerLocation": "ST PETERSBURG, FL",
      "Customer": "Property Retesting 270",
      "Product": "Property - Automated",
      "ConfidenceFactor": 4,
      "TargetIndicator": "Non Targeted",
      "Details": {
          "RecordNo": 257808966,
          "CompanyName": "Wholesale/Excess & Surplus Division",
          "GroupName": "Wholesale Property",
          "Subgroup": "Wholesale Property",
          "Division": "Property",
          "PolicyNumber": "03GIGC 001QU"
      }
  },
  {
      "EffectiveDate": "2019-02-14T00:00:00",
      "Forecast": 200,
      "ProducerName": "Peachtree Special Risk",
      "ProducerLocation": "ST PETERSBURG, FL",
      "Customer": "Property Retesting 270",
      "Product": "Property - Automated",
      "ConfidenceFactor": 4,
      "TargetIndicator": "Non Targeted",
      "Details": {
          "RecordNo": 257808966,
          "CompanyName": "Wholesale/Excess & Surplus Division",
          "GroupName": "Wholesale Property",
          "Subgroup": "Wholesale Property",
          "Division": "Property",
          "PolicyNumber": "03GIGC 001QU"
      }
  },
  {
      "EffectiveDate": "2019-02-11T00:00:00",
      "Forecast": 200,
      "ProducerName": "Peachtree Special Risk",
      "ProducerLocation": "ST PETERSBURG, FL",
      "Customer": "1861",
      "Product": "Property - Automated",
      "ConfidenceFactor": 4,
      "TargetIndicator": "Non Targeted",
      "Details": {
          "RecordNo": 257794626,
          "CompanyName": "Wholesale/Excess & Surplus Division",
          "GroupName": "Wholesale Property",
          "Subgroup": "Wholesale Property",
          "Division": "Property",
          "PolicyNumber": "03GH7G 001QU"
      }
  }],
  "renewalInfo": [
    {
        "Status": "Open",
        "StatusCount": 0,
        "StatusForecast": 0,
        "Forecast": 121242341,
        "AccountType": "acc_type-1",
        "EffectiveDate": "2019-01-01T00:00:00",
        "ProducerName": "producer_name_1",
        "Underwriter": "Underwriter_1",
        "Details": {
            "PolicyNumber": "1111",
            "ClientID": "client-1"
        }
    },
    {
        "Status": "Bound",
        "StatusCount": 2329,
        "StatusForecast": 395185773,
        "Forecast": 121242342,
        "AccountType": "acc_type-2",
        "EffectiveDate": "2019-01-02T00:00:00",
        "ProducerName": "producer_name_2",
        "Underwriter": "Underwriter_2",
        "Details": {
            "PolicyNumber": "2222"
            ,
            "ClientID": "client-2"
        }
    },
    {
        "Status": "Quoted",
        "StatusCount": 6933,
        "StatusForecast": 244874668,
        "Forecast": 121242343,
        "AccountType": "acc_type-3",
        "EffectiveDate": "2019-01-03T00:00:00",
        "ProducerName": "producer_name_3",
        "Underwriter": "Underwriter_3",
        "Details": {
            "PolicyNumber": "3333",
            "ClientID": "client-3"
        }
    },
    {
        "Status": "Lost",
        "StatusCount": 0,
        "StatusForecast": 0,
        "Forecast": 121242344,
        "AccountType": "acc_type-4",
        "EffectiveDate": "2019-01-04T00:00:00",
        "ProducerName": "producer_name_4",
        "Underwriter": "Underwriter_4",
        "Details": {
            "PolicyNumber": "4444",
            "ClientID": "client-4"
        }
    },
    {
        "Status": "Upcoming",
        "StatusCount": 0,
        "StatusForecast": 0,
        "Forecast": 121242345,
        "AccountType": "acc_type-5",
        "EffectiveDate": "2019-01-05T00:00:00",
        "ProducerName": "producer_name_5",
        "Underwriter": "Underwriter_5",
        "Details": {
            "PolicyNumber": "5555",
            "ClientID": "client-5"
        }
    },
    {
        "Status": "Working",
        "StatusCount": 4719,
        "StatusForecast": 92831,
        "Forecast": 121242346,
        "AccountType": "acc_type-6",
        "EffectiveDate": "2019-01-06T00:00:00",
        "ProducerName": "producer_name_6",
        "Underwriter": "Underwriter_6",
        "Details": {
            "PolicyNumber": "6666",
            "ClientID": "client-6"
        }
    },
    {
        "Status": "Pending",
        "StatusCount": 2313,
        "StatusForecast": 561243,
        "Forecast": 12124234,
        "AccountType": "acc_type-7",
        "EffectiveDate": "2019-01-07T00:00:00",
        "ProducerName": "producer_name_7",
        "Underwriter": "Underwriter_7",
        "Details": {
            "PolicyNumber": "7777",
            "ClientID": "client-7"
        }
    },
    {
        "Status": "Submissions",
        "StatusCount": 456,
        "StatusForecast": 4532,
        "Forecast": 436453,
        "AccountType": "acc_type-8",
        "EffectiveDate": "2019-01-08T00:00:00",
        "ProducerName": "producer_name_8",
        "Underwriter": "Underwriter_8",
        "Details": {
            "PolicyNumber": "8888",
            "ClientID": "client-8"
        }
    }
 ],
 "renewalsTable": [
    {
        "EffectiveDate": "2019-03-30T00:00:00",
        "Forecast": 9927,
        "ProducerName": "Lockton",
        "ProducerLocation": "LOS ANGELES, CA",
        "Customer": "PPC INVESTMENT PARTNERS L.P.",
        "Product": "Service Business - HO issued",
        "ConfidenceFactor": 6,
        "TargetIndicator": null,
        "Details": {
            "RecordNo": 255427386,
            "CompanyName": "Small Retail Division",
            "GroupName": "Specialty Lines",
            "Subgroup": "P&C",
            "Division": "Small Retail - BOP & Umb",
            "PolicyNumber": ""
        }
    }
 ],
 "openTargetsTable": [
  {
      "EffectiveDate": "2018-12-31T00:00:00",
      "GrossForecast": 100000,
      "ProducerName": "HUB International",
      "ProducerLocation": "NEW YORK, NY",
      "Customer": "DRA Advisors LLC",
      "Product": "Work Comp",
      "ConfidenceFactor": 1,
      "Details": {
          "RecordNo": 251227688,
          "CompanyName": "Major Accounts Division",
          "GroupName": "Real estate & Primary Cas.",
          "Subgroup": "Real Estate",
          "Division": "Real Estate",
          "PolicyNumber": null
      }
  },
  {
      "EffectiveDate": "2019-01-01T00:00:00",
      "GrossForecast": 100000,
      "ProducerName": "ECC Insurance Brokers",
      "ProducerLocation": "OAKBROOK TERRACE, IL",
      "Customer": "Bluerock Residential Growth REIT, Inc.",
      "Product": "Work Comp",
      "ConfidenceFactor": 1,
      "Details": {
          "RecordNo": 251205814,
          "CompanyName": "Major Accounts Division",
          "GroupName": "Real estate & Primary Cas.",
          "Subgroup": "Real Estate",
          "Division": "Real Estate",
          "PolicyNumber": null
      }
  }],

    "newbusinessGraphsData": {
        "NewBusinessRatioPieChart": [
            {
            "RatioType": "QuoteRatio",
            "Ratio": 29.37,
            "RatioCount": 21897
            },
            {
            "RatioType": "EfficiencyRatio",
            "Ratio": 7.12,
            "RatioCount": 5307
            },
            {
            "RatioType": "HitRatio",
            "Ratio": 24.24,
            "RatioCount": 5307
            },
            {
            "RatioType": "TargetsSubmittedRatio",
            "Ratio": 11.17,
            "RatioCount": 22
            }
        ],

        "NewBusinessRatioGraph": [
            {
            "RatioType": "QuoteRatio",
            "AccountingMonth": "JAN",
            "AccountingYear": 2018,
            "Ratio": 34.76,
            "RatioCount": 4322
            },
            {
            "RatioType": "QuoteRatio",
            "AccountingMonth": "FEB",
            "AccountingYear": 2018,
            "Ratio": 40.92,
            "RatioCount": 4071
            },
            {
            "RatioType": "QuoteRatio",
            "AccountingMonth": "MAR",
            "AccountingYear": 2018,
            "Ratio": 39.98,
            "RatioCount": 5006
            },
            {
            "RatioType": "QuoteRatio",
            "AccountingMonth": "APR",
            "AccountingYear": 2018,
            "Ratio": 39.62,
            "RatioCount": 6407
            },
            {
            "RatioType": "QuoteRatio",
            "AccountingMonth": "MAY",
            "AccountingYear": 2018,
            "Ratio": 39.1,
            "RatioCount": 5901
            },
            {
            "RatioType": "QuoteRatio",
            "AccountingMonth": "JUN",
            "AccountingYear": 2018,
            "Ratio": 41.69,
            "RatioCount": 6103
            },
            {
            "RatioType": "QuoteRatio",
            "AccountingMonth": "JUL",
            "AccountingYear": 2018,
            "Ratio": 42.68,
            "RatioCount": 7231
            },
            {
            "RatioType": "QuoteRatio",
            "AccountingMonth": "AUG",
            "AccountingYear": 2018,
            "Ratio": 47.12,
            "RatioCount": 6457
            },
            {
            "RatioType": "QuoteRatio",
            "AccountingMonth": "SEP",
            "AccountingYear": 2018,
            "Ratio": 49.15,
            "RatioCount": 6699
            },
            {
            "RatioType": "QuoteRatio",
            "AccountingMonth": "OCT",
            "AccountingYear": 2018,
            "Ratio": 48.54,
            "RatioCount": 7911
            },
            {
            "RatioType": "QuoteRatio",
            "AccountingMonth": "NOV",
            "AccountingYear": 2018,
            "Ratio": 50.37,
            "RatioCount": 6034
            },
            {
            "RatioType": "QuoteRatio",
            "AccountingMonth": "DEC",
            "AccountingYear": 2018,
            "Ratio": 54.18,
            "RatioCount": 5906
            },
            {
            "RatioType": "EfficiencyRatio",
            "AccountingMonth": "JAN",
            "AccountingYear": 2018,
            "Ratio": 8.79,
            "RatioCount": 4322
            },
            {
            "RatioType": "EfficiencyRatio",
            "AccountingMonth": "FEB",
            "AccountingYear": 2018,
            "Ratio": 10.47,
            "RatioCount": 4071
            },
            {
            "RatioType": "EfficiencyRatio",
            "AccountingMonth": "MAR",
            "AccountingYear": 2018,
            "Ratio": 10.38,
            "RatioCount": 5006
            },
            {
            "RatioType": "EfficiencyRatio",
            "AccountingMonth": "APR",
            "AccountingYear": 2018,
            "Ratio": 9.83,
            "RatioCount": 6407
            },
            {
            "RatioType": "EfficiencyRatio",
            "AccountingMonth": "MAY",
            "AccountingYear": 2018,
            "Ratio": 10.38,
            "RatioCount": 5901
            },
            {
            "RatioType": "EfficiencyRatio",
            "AccountingMonth": "JUN",
            "AccountingYear": 2018,
            "Ratio": 11.48,
            "RatioCount": 6103
            },
            {
            "RatioType": "EfficiencyRatio",
            "AccountingMonth": "JUL",
            "AccountingYear": 2018,
            "Ratio": 11.77,
            "RatioCount": 7231
            },
            {
            "RatioType": "EfficiencyRatio",
            "AccountingMonth": "AUG",
            "AccountingYear": 2018,
            "Ratio": 14.36,
            "RatioCount": 6457
            },
            {
            "RatioType": "EfficiencyRatio",
            "AccountingMonth": "SEP",
            "AccountingYear": 2018,
            "Ratio": 14.84,
            "RatioCount": 6699
            },
            {
            "RatioType": "EfficiencyRatio",
            "AccountingMonth": "OCT",
            "AccountingYear": 2018,
            "Ratio": 11.88,
            "RatioCount": 7911
            },
            {
            "RatioType": "EfficiencyRatio",
            "AccountingMonth": "NOV",
            "AccountingYear": 2018,
            "Ratio": 11.26,
            "RatioCount": 6034
            },
            {
            "RatioType": "EfficiencyRatio",
            "AccountingMonth": "DEC",
            "AccountingYear": 2018,
            "Ratio": 13.12,
            "RatioCount": 5906
            },
            {
            "RatioType": "HitRatio",
            "AccountingMonth": "JAN",
            "AccountingYear": 2018,
            "Ratio": 25.3,
            "RatioCount": 17081
            },
            {
            "RatioType": "HitRatio",
            "AccountingMonth": "FEB",
            "AccountingYear": 2018,
            "Ratio": 25.58,
            "RatioCount": 15915
            },
            {
            "RatioType": "HitRatio",
            "AccountingMonth": "MAR",
            "AccountingYear": 2018,
            "Ratio": 25.97,
            "RatioCount": 19279
            },
            {
            "RatioType": "HitRatio",
            "AccountingMonth": "APR",
            "AccountingYear": 2018,
            "Ratio": 24.82,
            "RatioCount": 25809
            },
            {
            "RatioType": "HitRatio",
            "AccountingMonth": "MAY",
            "AccountingYear": 2018,
            "Ratio": 26.54,
            "RatioCount": 22237
            },
            {
            "RatioType": "HitRatio",
            "AccountingMonth": "JUN",
            "AccountingYear": 2018,
            "Ratio": 27.53,
            "RatioCount": 22169
            },
            {
            "RatioType": "HitRatio",
            "AccountingMonth": "JUL",
            "AccountingYear": 2018,
            "Ratio": 27.58,
            "RatioCount": 26222
            },
            {
            "RatioType": "HitRatio",
            "AccountingMonth": "AUG",
            "AccountingYear": 2018,
            "Ratio": 30.48,
            "RatioCount": 21184
            },
            {
            "RatioType": "HitRatio",
            "AccountingMonth": "SEP",
            "AccountingYear": 2018,
            "Ratio": 30.2,
            "RatioCount": 22184
            },
            {
            "RatioType": "HitRatio",
            "AccountingMonth": "OCT",
            "AccountingYear": 2018,
            "Ratio": 24.47,
            "RatioCount": 32329
            },
            {
            "RatioType": "HitRatio",
            "AccountingMonth": "NOV",
            "AccountingYear": 2018,
            "Ratio": 22.36,
            "RatioCount": 26985
            },
            {
            "RatioType": "HitRatio",
            "AccountingMonth": "DEC",
            "AccountingYear": 2018,
            "Ratio": 24.22,
            "RatioCount": 24383
            },
            {
            "RatioType": "TargetsSubmittedRatio",
            "AccountingMonth": "JAN",
            "AccountingYear": 2018,
            "Ratio": 35.71,
            "RatioCount": 5
            },
            {
            "RatioType": "TargetsSubmittedRatio",
            "AccountingMonth": "FEB",
            "AccountingYear": 2018,
            "Ratio": 35.71,
            "RatioCount": 5
            },
            {
            "RatioType": "TargetsSubmittedRatio",
            "AccountingMonth": "MAR",
            "AccountingYear": 2018,
            "Ratio": 27.59,
            "RatioCount": 8
            },
            {
            "RatioType": "TargetsSubmittedRatio",
            "AccountingMonth": "APR",
            "AccountingYear": 2018,
            "Ratio": 33.33,
            "RatioCount": 9
            },
            {
            "RatioType": "TargetsSubmittedRatio",
            "AccountingMonth": "MAY",
            "AccountingYear": 2018,
            "Ratio": 12,
            "RatioCount": 6
            },
            {
            "RatioType": "TargetsSubmittedRatio",
            "AccountingMonth": "JUN",
            "AccountingYear": 2018,
            "Ratio": 22.22,
            "RatioCount": 8
            },
            {
            "RatioType": "TargetsSubmittedRatio",
            "AccountingMonth": "JUL",
            "AccountingYear": 2018,
            "Ratio": 34.72,
            "RatioCount": 25
            },
            {
            "RatioType": "TargetsSubmittedRatio",
            "AccountingMonth": "AUG",
            "AccountingYear": 2018,
            "Ratio": 37.74,
            "RatioCount": 20
            },
            {
            "RatioType": "TargetsSubmittedRatio",
            "AccountingMonth": "SEP",
            "AccountingYear": 2018,
            "Ratio": 25.42,
            "RatioCount": 15
            },
            {
            "RatioType": "TargetsSubmittedRatio",
            "AccountingMonth": "OCT",
            "AccountingYear": 2018,
            "Ratio": 40.96,
            "RatioCount": 34
            },
            {
            "RatioType": "TargetsSubmittedRatio",
            "AccountingMonth": "NOV",
            "AccountingYear": 2018,
            "Ratio": 33.33,
            "RatioCount": 10
            },
            {
            "RatioType": "TargetsSubmittedRatio",
            "AccountingMonth": "DEC",
            "AccountingYear": 2018,
            "Ratio": 15.91,
            "RatioCount": 7
        }]
    },

    "forecastVsPlanData": {
        "TitleInfo": "New York City Branch",
        "Forecast": 1012310329,
        "PlanValue": 932421998,
        "ForecastVsPlan": 79888331,
        "ForecastVsPlanPercentage": 108.57,
        "DetailsGroupedBy": "Company",
        "Details": [
            {
            "Forecast": 0,
            "PlanValue": 0,
            "Name": "Agriculture Division"
            },
            {
            "Forecast": 180054277,
            "PlanValue": 179665697,
            "Name": "Commercial Insurance Division"
            },
            {
            "Forecast": 825748242,
            "PlanValue": 747360744,
            "Name": "Major Accounts Division"
            },
            {
            "Forecast": 4903167,
            "PlanValue": 3887453,
            "Name": "Small Retail Division"
            },
            {
            "Forecast": 1604643,
            "PlanValue": 1508104,
            "Name": "Wholesale/Excess & Surplus Division"
            }
        ]
    },

    "uwManagerForecastVsPlanData": {
        "TitleInfo": "New York City Branch",
        "Forecast": 123012310329,
        "PlanValue": 123932421998,
        "ForecastVsPlan": 7988833167890123,
        "ForecastVsPlanPercentage": 108.57,
        "DetailsGroupedBy": "Company",
        "Details": [
            {
            "UnderwriterLanID": "U410405",
            "Forecast": 0,
            "PlanValue": 0,
            "NewbusinessGrossForecast": 0,
            "Underwriter": "Jeffrey , Hoffman --- U410405"
            },
            {
            "UnderwriterLanID": "U040713",
            "Forecast": 4903167,
            "PlanValue": 3887453,
            "NewbusinessGrossForecast": 4365210,
            "Underwriter": "Antonia, Lam --- U040713"
            },
            {
            "UnderwriterLanID": "KXZHAN",
            "Forecast": 1604643,
            "PlanValue": 1508104,
            "NewbusinessGrossForecast": 21360,
            "Underwriter": "Kun, Zhang --- KXZHAN"
            },
            {
            "UnderwriterLanID": "B00900G",
            "Forecast": 180054277,
            "PlanValue": 179665697,
            "NewbusinessGrossForecast": 342340,
            "Underwriter": "Alexander, Casale --- B00900G"
            },
            {
            "UnderwriterLanID": "B00900G",
            "Forecast": 825748242,
            "PlanValue": 747360744,
            "NewbusinessGrossForecast": 435230,
            "Underwriter": "Ana, Aniceto --- B007335"
            }
        ]
    },

    "nbForecastVsPlanData": {
      "Forecast":5520137638,
      "PlanValue":219721812
    },

    "renewalToPlanData": {
        "Forecast": 786481628,
        "PlanValue": 798990424,
        "ForecastVsPlanPercentage": 98.43
    },

    "regionalManagerRenewalByMonth": [
        {
            "Branch": "Philadelphia",
            "RenewalsCYTD": 26951667,
            "RenewalsPYTD": 492980,
            "RenewalBase": 25378419,
            "RenewalForecast": 26951667,
            "TotalPlan": 71076216
        },
        {
            "Branch": "Baltimore",
            "RenewalsCYTD": 1572174,
            "RenewalsPYTD": 951127,
            "RenewalBase": 1185241,
            "RenewalForecast": 1572174,
            "TotalPlan": 7968408
        },
        {
            "Branch": "All Branches Total",
            "RenewalsCYTD": 40641338,
            "RenewalsPYTD": 1530577,
            "RenewalBase": 36461944,
            "RenewalForecast": 40641338,
            "TotalPlan": 121934880
        }
    ],

    "uwManagerRenewalByMonth": [],

    "renewalRatios": {
        "Forecast": 354039312,
        "PlanValue": 309297932,
        "ForecastVsPlanPercentage": 114.47,
        "CurrentForecast": 354039312,
        "PreviousForecast": 309917784,
        "ForecastPercentage": 14.24,
        "RenewalCount": 18593,
        "RetainedCount": 18594,
        "YOY_Count": 96.68
    },

    "topcustomertargetsbyaccountingmonth": [
      {
          "Customer": "UGP",
          "Forecast": 3000000,
          "TargetCount": 1
      },
      {
          "Customer": "Trinity Health System",
          "Forecast": 2904000,
          "TargetCount": 1
      },
      {
          "Customer": "H & S BAKERY, INC.",
          "Forecast": 2745000,
          "TargetCount": 5
      },
      {
          "Customer": "Capital One Financial",
          "Forecast": 1500000,
          "TargetCount": 1
      },
      {
          "Customer": "THE COLONIAL WILLIAMSBURG FOUNDATION",
          "Forecast": 1191000,
          "TargetCount": 3
      },
      {
          "Customer": "ECS MIDATLANTIC, LLC",
          "Forecast": 1104000,
          "TargetCount": 3
      },
      {
          "Customer": "NA LifePlans LLC",
          "Forecast": 1000000,
          "TargetCount": 1
      },
      {
          "Customer": "H & S PROPERTIES DEVELOPMENT CORP.",
          "Forecast": 999999,
          "TargetCount": 3
      },
      {
          "Customer": "Chesapeake Hospital Authority",
          "Forecast": 786000,
          "TargetCount": 2
      },
      {
          "Customer": "Host Hotels and Resorts, Inc.",
          "Forecast": 750000,
          "TargetCount": 3
      },
      {
          "Customer": "QUENCH USA INC",
          "Forecast": 750000,
          "TargetCount": 1
      },
      {
          "Customer": "INTERNATIONAL BROTHERHOOD OF ELECTRICAL WORKERS",
          "Forecast": 722326,
          "TargetCount": 5
      },
      {
          "Customer": "EXEDY AMERICA CORPORATION",
          "Forecast": 638191,
          "TargetCount": 6
      },
      {
          "Customer": "MARK HANKIN / ARSENAL, INC./            NEW HUNTINDON DEVELOPMENT",
          "Forecast": 632000,
          "TargetCount": 4
      },
      {
          "Customer": "CareFirst, Inc.",
          "Forecast": 600000,
          "TargetCount": 1
      },
      {
          "Customer": "LAVIE CARE CENTERS LLC DBA CONSULATE HEALTH CARE",
          "Forecast": 600000,
          "TargetCount": 2
      },
      {
          "Customer": "MORAE GLOBAL CORPORATION",
          "Forecast": 588245,
          "TargetCount": 4
      },
      {
          "Customer": "VECTOR SECURITY HOLDINGS INC",
          "Forecast": 553000,
          "TargetCount": 4
      },
      {
          "Customer": "Lexington Realty Trust",
          "Forecast": 550000,
          "TargetCount": 2
      },
      {
          "Customer": "AMPLIFIER RESEARCH CORP",
          "Forecast": 525000,
          "TargetCount": 10
      },
      {
          "Customer": "INCYTE CORPORATION",
          "Forecast": 502500,
          "TargetCount": 4
      },
      {
          "Customer": "Entercom Communications Corp",
          "Forecast": 500000,
          "TargetCount": 1
      },
      {
          "Customer": "Saul Centers, Inc.",
          "Forecast": 500000,
          "TargetCount": 1
      },
      {
          "Customer": "State of Tennessee",
          "Forecast": 500000,
          "TargetCount": 1
      },
      {
          "Customer": "Talen Energy Corp",
          "Forecast": 500000,
          "TargetCount": 1
      }
   ],

   "topproducertargetsbyaccountingmonth": [
    {
        "Producer": "Unknown",
        "Forecast": 4623000,
        "TargetCount": 6
    },
    {
        "Producer": "Willis",
        "Forecast": 4388680,
        "TargetCount": 95
    },
    {
        "Producer": "Marsh",
        "Forecast": 4184203,
        "TargetCount": 34
    },
    {
        "Producer": "ECBM",
        "Forecast": 3939999,
        "TargetCount": 12
    },
    {
        "Producer": "AON",
        "Forecast": 3591942,
        "TargetCount": 56
    },
    {
        "Producer": null,
        "Forecast": 3500950,
        "TargetCount": 8
    },
    {
        "Producer": "USI Insurance Services National Inc",
        "Forecast": 2561972,
        "TargetCount": 41
    },
    {
        "Producer": "Lockton",
        "Forecast": 2250744,
        "TargetCount": 36
    },
    {
        "Producer": "McKee Risk Management",
        "Forecast": 1460881,
        "TargetCount": 37
    },
    {
        "Producer": "THE SIMKISS AGENCY INC DBA SIMKISS & BLOCK",
        "Forecast": 1255000,
        "TargetCount": 3
    },
    {
        "Producer": "Scott Insurance",
        "Forecast": 1115841,
        "TargetCount": 21
    },
    {
        "Producer": "Andersen Insurance Agency LLC",
        "Forecast": 1104000,
        "TargetCount": 3
    },
    {
        "Producer": "McGriff Insurance Services",
        "Forecast": 1039240,
        "TargetCount": 39
    },
    {
        "Producer": "Arthur J Gallagher",
        "Forecast": 974731,
        "TargetCount": 23
    },
    {
        "Producer": "Towne Insurance",
        "Forecast": 912485,
        "TargetCount": 15
    },
    {
        "Producer": "TOMPKINS INSURANCE AGENCIES",
        "Forecast": 778002,
        "TargetCount": 14
    },
    {
        "Producer": "EBERTS AND HARRISON, INC.",
        "Forecast": 752326,
        "TargetCount": 7
    },
    {
        "Producer": "Johnson Kendall Johnson",
        "Forecast": 743191,
        "TargetCount": 17
    },
    {
        "Producer": "Triester, Rossman & Associates, Inc.",
        "Forecast": 588245,
        "TargetCount": 4
    },
    {
        "Producer": "MEDEX INSURANCE SERVICE",
        "Forecast": 587029,
        "TargetCount": 2
    },
    {
        "Producer": "USI",
        "Forecast": 583581,
        "TargetCount": 21
    },
    {
        "Producer": "MMA - Rutherfoord",
        "Forecast": 571843,
        "TargetCount": 22
    },
    {
        "Producer": "CBIZ Benefits & Insurance",
        "Forecast": 569512,
        "TargetCount": 10
    },
    {
        "Producer": "Brown & Brown",
        "Forecast": 525006,
        "TargetCount": 16
    },
    {
        "Producer": "B F Saul Insurance Agency",
        "Forecast": 500000,
        "TargetCount": 1
    }
 ],

  "uwmanagergoals": [
    {
      "Underwriter": "Sheila Kovacs",
      "NBBoundGoalAchievedPercentage": 100,
      "NBYearlyGoalPercentage": 45,
      "TravelGoalVisitAchievedPercentage": 95,
      "TravelYearlyGoalPercentage": 15,
      "UnderwriterLANID": "",
      "EmailID": ""
    },
    {
      "Underwriter": "Sheila Kovacs Sheila Kovacs Sheila Kovacs Sheila Kovacs",
      "NBBoundGoalAchievedPercentage": 100,
      "NBYearlyGoalPercentage": 45,
      "TravelGoalVisitAchievedPercentage": 95,
      "TravelYearlyGoalPercentage": 15,
      "UnderwriterLANID": "",
      "EmailID": ""
    },
    {
      "Underwriter": "Sheila Kovacs",
      "NBBoundGoalAchievedPercentage": 100,
      "NBYearlyGoalPercentage": 45,
      "TravelGoalVisitAchievedPercentage": 95,
      "TravelYearlyGoalPercentage": 15,
      "UnderwriterLANID": "",
      "EmailID": ""
    },
    {
      "Underwriter": "Sheila Kovacs",
      "NBBoundGoalAchievedPercentage": 100,
      "NBYearlyGoalPercentage": 45,
      "TravelGoalVisitAchievedPercentage": 95,
      "TravelYearlyGoalPercentage": 15,
      "UnderwriterLANID": "",
      "EmailID": ""
    },
    {
      "Underwriter": "Sheila Kovacs",
      "NBBoundGoalAchievedPercentage": 100,
      "NBYearlyGoalPercentage": 45,
      "TravelGoalVisitAchievedPercentage": 95,
      "TravelYearlyGoalPercentage": 15,
      "UnderwriterLANID": "",
      "EmailID": ""
    },
    {
      "Underwriter": "Sheila Kovacs",
      "NBBoundGoalAchievedPercentage": 100,
      "NBYearlyGoalPercentage": 45,
      "TravelGoalVisitAchievedPercentage": 95,
      "TravelYearlyGoalPercentage": 15,
      "UnderwriterLANID": "",
      "EmailID": ""
    },
    {
      "Underwriter": "Sheila Kovacs",
      "NBBoundGoalAchievedPercentage": 100,
      "NBYearlyGoalPercentage": 45,
      "TravelGoalVisitAchievedPercentage": 95,
      "TravelYearlyGoalPercentage": 15,
      "UnderwriterLANID": "",
      "EmailID": ""
    },
    {
      "Underwriter": "Sheila Kovacs",
      "NBBoundGoalAchievedPercentage": 100,
      "NBYearlyGoalPercentage": 45,
      "TravelGoalVisitAchievedPercentage": 95,
      "TravelYearlyGoalPercentage": 15,
      "UnderwriterLANID": "",
      "EmailID": ""
    },
    {
      "Underwriter": "Sheila Kovacs",
      "NBBoundGoalAchievedPercentage": 100,
      "NBYearlyGoalPercentage": 45,
      "TravelGoalVisitAchievedPercentage": 95,
      "TravelYearlyGoalPercentage": 15,
      "UnderwriterLANID": "",
      "EmailID": ""
    },
    {
      "Underwriter": "Sheila Kovacs",
      "NBBoundGoalAchievedPercentage": 100,
      "NBYearlyGoalPercentage": 45,
      "TravelGoalVisitAchievedPercentage": 95,
      "TravelYearlyGoalPercentage": 15,
      "UnderwriterLANID": "",
      "EmailID": ""
    },
    {
      "Underwriter": "Sheila Kovacs",
      "NBBoundGoalAchievedPercentage": 100,
      "NBYearlyGoalPercentage": 45,
      "TravelGoalVisitAchievedPercentage": 95,
      "TravelYearlyGoalPercentage": 15,
      "UnderwriterLANID": "",
      "EmailID": ""
    },
    {
      "Underwriter": "Sheila Kovacs",
      "NBBoundGoalAchievedPercentage": 100,
      "NBYearlyGoalPercentage": 45,
      "TravelGoalVisitAchievedPercentage": 95,
      "TravelYearlyGoalPercentage": 15,
      "UnderwriterLANID": "",
      "EmailID": ""
    },
    {
      "Underwriter": "Sheila Kovacs",
      "NBBoundGoalAchievedPercentage": 100,
      "NBYearlyGoalPercentage": 45,
      "TravelGoalVisitAchievedPercentage": 95,
      "TravelYearlyGoalPercentage": 15,
      "UnderwriterLANID": "",
      "EmailID": ""
    },
    {
      "Underwriter": "Sheila Kovacs",
      "NBBoundGoalAchievedPercentage": 100,
      "NBYearlyGoalPercentage": 45,
      "TravelGoalVisitAchievedPercentage": 95,
      "TravelYearlyGoalPercentage": 15,
      "UnderwriterLANID": "",
      "EmailID": ""
    },
    {
      "Underwriter": "Sheila Kovacs",
      "NBBoundGoalAchievedPercentage": 100,
      "NBYearlyGoalPercentage": 45,
      "TravelGoalVisitAchievedPercentage": 95,
      "TravelYearlyGoalPercentage": 15,
      "UnderwriterLANID": "",
      "EmailID": ""
    },
    {
      "Underwriter": "Sheila Kovacs",
      "NBBoundGoalAchievedPercentage": 100,
      "NBYearlyGoalPercentage": 45,
      "TravelGoalVisitAchievedPercentage": 95,
      "TravelYearlyGoalPercentage": 15,
      "UnderwriterLANID": "",
      "EmailID": ""
    },
    {
      "Underwriter": "Sheila Kovacs",
      "NBBoundGoalAchievedPercentage": 100,
      "NBYearlyGoalPercentage": 45,
      "TravelGoalVisitAchievedPercentage": 95,
      "TravelYearlyGoalPercentage": 15,
      "UnderwriterLANID": "",
      "EmailID": ""
    },
    {
      "Underwriter": "Sheila Kovacs",
      "NBBoundGoalAchievedPercentage": 100,
      "NBYearlyGoalPercentage": 45,
      "TravelGoalVisitAchievedPercentage": 95,
      "TravelYearlyGoalPercentage": 15,
      "UnderwriterLANID": "",
      "EmailID": ""
    },
    {
      "Underwriter": "Sheila Kovacs",
      "NBBoundGoalAchievedPercentage": 100,
      "NBYearlyGoalPercentage": 45,
      "TravelGoalVisitAchievedPercentage": 95,
      "TravelYearlyGoalPercentage": 15,
      "UnderwriterLANID": "",
      "EmailID": ""
    },
    {
      "Underwriter": "Sheila Kovacs",
      "NBBoundGoalAchievedPercentage": 100,
      "NBYearlyGoalPercentage": 45,
      "TravelGoalVisitAchievedPercentage": 95,
      "TravelYearlyGoalPercentage": 15,
      "UnderwriterLANID": "",
      "EmailID": ""
    },
    {
      "Underwriter": "Sheila Kovacs",
      "NBBoundGoalAchievedPercentage": 100,
      "NBYearlyGoalPercentage": 45,
      "TravelGoalVisitAchievedPercentage": 95,
      "TravelYearlyGoalPercentage": 15,
      "UnderwriterLANID": "",
      "EmailID": ""
    },
    {
      "Underwriter": "Sheila Kovacs",
      "NBBoundGoalAchievedPercentage": 100,
      "NBYearlyGoalPercentage": 45,
      "TravelGoalVisitAchievedPercentage": 95,
      "TravelYearlyGoalPercentage": 15,
      "UnderwriterLANID": "",
      "EmailID": ""
    },
    {
      "Underwriter": "Sheila Kovacs",
      "NBBoundGoalAchievedPercentage": 100,
      "NBYearlyGoalPercentage": 45,
      "TravelGoalVisitAchievedPercentage": 95,
      "TravelYearlyGoalPercentage": 15,
      "UnderwriterLANID": "",
      "EmailID": ""
    },
    {
      "Underwriter": "Sheila Kovacs",
      "NBBoundGoalAchievedPercentage": 100,
      "NBYearlyGoalPercentage": 45,
      "TravelGoalVisitAchievedPercentage": 95,
      "TravelYearlyGoalPercentage": 15,
      "UnderwriterLANID": "",
      "EmailID": ""
    }
  ]
}
