{
  "data": [
    {
      "RelatedTo": "1-800 Flowers",
      "ClientID": "123",
      "Subject": "some",
      "StartDate": "2019-09-11T00:00:00-04:00",
      "EndDate": "2019-09-12T00:00:00-04:00",
      "Location": "",
      "RequiredAttendees": "Edward Anderson,John Allen",
      "OptionalAttendees": "Thanakorn Aranchaiya",
      "MeetingTime": "9/11/2019 12:00:00 AM - 9/12/2019 12:00:00 AM",
      "Attendees": "Edward Anderson,Ivan Petrov,John Allen,Thanakorn Aranchaiya",
      "Owner": "Nikolay Lesko",
      "MeetingGUID": "804b46f8-9cd4-e911-a992-000d3a328e4e",
      "RelatedToGUID": "",
      "OwnerGUID": "91d9f964-9ca1-e911-a9b1-000d3a37027a",
      "AttendeesGUID": "a643f918-85bd-e911-a981-000d3a328ed9,,64906c11-85bd-e911-a984-000d3a328903,3d60d223-85bd-e911-a984-000d3a328903",
      "AttendeesEmail": "edanderson@chubb.com,ivan.petrov@gmail.com,JohnJ.Allen@Chubb.com,tingting7342@gmail.com"
    },
    {
      "RelatedTo": "AON - Atlanta",
      "ProducerRegion": "Canada",
      "ProducerBranch": "Vancouver",
      "Subject": "kjhkjh",
      "StartDate": "2019-09-11T00:00:00-04:00",
      "EndDate": "2019-09-12T00:00:00-04:00",
      "Location": "",
      "RequiredAttendees": "",
      "OptionalAttendees": "Ahmed Abhishek",
      "MeetingTime": "9/11/2019 12:00:00 AM - 9/12/2019 12:00:00 AM",
      "Attendees": ",Ahmed Abhishek",
      "Owner": "Nikolay Lesko",
      "MeetingGUID": "74adf20a-90d4-e911-a992-000d3a328e4e",
      "RelatedToGUID": "59a84594-455c-e911-a986-000d3a328d2e",
      "OwnerGUID": "91d9f964-9ca1-e911-a9b1-000d3a37027a",
      "AttendeesGUID": ",a621cb12-f5bf-e911-a990-000d3a328e4e",
      "AttendeesEmail": ",abhishek.ahmed@chubb.com"
    },
    {
      "RelatedTo": "AON - Atlanta",
      "ProducerRegion": "Canada",
      "ProducerBranch": "Vancouver",
      "Subject": "Test Producer Upcoming meeting",
      "StartDate": "2019-06-14T11:30:00-04:00",
      "EndDate": "2019-06-14T12:30:00-04:00",
      "Location": "510 Walnut street",
      "RequiredAttendees": "Anand Sukumar",
      "OptionalAttendees": "Abhishek Chakladar",
      "MeetingGUID": "25a325f0-107b-e911-a97f-000d3a32890b"
    },
    {
      "RelatedTo": "AON - Atlanta",
      "ProducerRegion": "Canada",
      "ProducerBranch": "Vancouver",
      "Subject": "Test timing",
      "StartDate": "2019-06-17T04:00:00-04:00",
      "EndDate": "2019-06-17T04:30:00-04:00",
      "Location": "Time zone check",
      "RequiredAttendees": "Anand Subramanian,AON",
      "OptionalAttendees": "Amreen J,Anand Sukumar",
      "MeetingGUID": "d31e8f48-1a76-e911-a989-000d3a328e4e"
    },
    {
      "RelatedTo": "AON - Atlanta",
      "ProducerRegion": "Canada",
      "ProducerBranch": "Vancouver",
      "Subject": "kjhkjh",
      "StartDate": "2019-09-11T00:00:00-04:00",
      "EndDate": "2019-09-12T00:00:00-04:00",
      "Location": "",
      "RequiredAttendees": "",
      "OptionalAttendees": "Ahmed Abhishek",
      "MeetingTime": null,
      "Attendees": null,
      "Owner": null,
      "MeetingGUID": "74adf20a-90d4-e911-a992-000d3a328e4e",
      "RelatedToGUID": null,
      "OwnerGUID": null,
      "AttendeesGUID": null,
      "AttendeesEmail": null
    }
  ]
}
