{
  "data": [
    {
      "RelatedTo": " DANIEL & HENRY CO THE",
      "RelatedToGUID": "123-123-446",
      "ProducerRegion": "Canada",
      "ProducerBranch": "Vancouver",
      "Subject": "Activit1",
      "Topics": "Test",
      "Name": "Anand Sukumar",
      "LastModified": "2019-04-24T06:41:23-04:00",
      "DueDate": "2019-04-24T08:00:00-04:00",
      "Date": "2019-04-24T08:00:00-04:00",
      "Task": "Appointment",
      "AssignedTo": "Anand Sukumar",
      "CompletedActivitesGUID": "77d98d63-7d66-e911-a987-000d3a328e4e",
      "Attendees": "Edward Anderson,Ivan Petrov,John Allen,Thanakorn Aranchaiya",
      "AttendeesGUID": "a643f918-85bd-e911-a981-000d3a328ed9,,64906c11-85bd-e911-a984-000d3a328903,3d60d223-85bd-e911-a984-000d3a328903",
      "AttendeesEmail": "edanderson@chubb.com,ivan.petrov@gmail.com,JohnJ.Allen@Chubb.com,tingting7342@gmail.com"
    },
    {
      "RelatedTo": "1-800 Flowers",
      "RelatedToGUID": "123-123-446",
      "ClientID": "123",
      "Subject": "Activit123",
      "Topics": "Test12",
      "Name": "Anand Sukumar",
      "LastModified": "2019-04-24T06:41:21-04:00",
      "DueDate": "2019-04-25T08:00:00-04:00",
      "Date": "2019-04-25T08:00:00-04:00",
      "Task": "Task",
      "AssignedTo": "Anand Sukumar",
      "CompletedActivitesGUID": "efae2776-7d66-e911-a987-000d3a328e4e"
    },
    {
      "RelatedTo": "Producer",
      "ProducerRegion": "Canada",
      "ProducerBranch": "Vancouver",
      "Subject": "Appoitment",
      "Topics": "",
      "Name": "Anand Sukumar",
      "LastModified": "2019-04-24T06:53:41-04:00",
      "DueDate": "2019-04-24T07:30:00-04:00",
      "Date": "2019-04-24T07:30:00-04:00",
      "Task": "Appointment",
      "AssignedTo": "Anand Sukumar",
      "CompletedActivitesGUID": "04316735-7f66-e911-a987-000d3a328e4e"
    },
    {
      "RelatedTo": " DANIEL & HENRY CO THE",
      "RelatedToGUID": "123-123-446",
      "ProducerRegion": "Canada",
      "ProducerBranch": "Vancouver",
      "Subject": "Activit1",
      "Topics": "Test",
      "Name": "Anand Sukumar",
      "LastModified": "2019-04-24T06:41:23-04:00",
      "DueDate": "2019-04-24T08:00:00-04:00",
      "Date": "2019-04-24T08:00:00-04:00",
      "Task": "Appointment",
      "AssignedTo": "Anand Sukumar",
      "CompletedActivitesGUID": "77d98d63-7d66-e911-a987-000d3a328e4e",
      "Attendees": "Edward Anderson,Ivan Petrov,John Allen,Thanakorn Aranchaiya",
      "AttendeesGUID": "a643f918-85bd-e911-a981-000d3a328ed9,,64906c11-85bd-e911-a984-000d3a328903,3d60d223-85bd-e911-a984-000d3a328903",
      "AttendeesEmail": "edanderson@chubb.com,ivan.petrov@gmail.com,JohnJ.Allen@Chubb.com,tingting7342@gmail.com"
    },
    {
      "RelatedTo": "1-800 Flowers",
      "RelatedToGUID": "123-123-446",
      "ClientID": "123",
      "Subject": "Activit123",
      "Topics": "Test12",
      "Name": "Anand Sukumar",
      "LastModified": "2019-04-24T06:41:21-04:00",
      "DueDate": "2019-04-25T08:00:00-04:00",
      "Date": "2019-04-25T08:00:00-04:00",
      "Task": "Task",
      "AssignedTo": "Anand Sukumar",
      "CompletedActivitesGUID": "efae2776-7d66-e911-a987-000d3a328e4e"
    },
    {
      "RelatedTo": "Producer",
      "ProducerRegion": "Canada",
      "ProducerBranch": "Vancouver",
      "Subject": "Appoitment",
      "Topics": "",
      "Name": "Anand Sukumar",
      "LastModified": "2019-04-24T06:53:41-04:00",
      "DueDate": "2019-04-24T07:30:00-04:00",
      "Date": "2019-04-24T07:30:00-04:00",
      "Task": "Appointment",
      "AssignedTo": "Anand Sukumar",
      "CompletedActivitesGUID": "04316735-7f66-e911-a987-000d3a328e4e"
    },
    {
      "RelatedTo": " DANIEL & HENRY CO THE",
      "RelatedToGUID": "123-123-446",
      "ProducerRegion": "Canada",
      "ProducerBranch": "Vancouver",
      "Subject": "Activit1",
      "Topics": "Test",
      "Name": "Anand Sukumar",
      "LastModified": "2019-04-24T06:41:23-04:00",
      "DueDate": "2019-04-24T08:00:00-04:00",
      "Date": "2019-04-24T08:00:00-04:00",
      "Task": "Appointment",
      "AssignedTo": "Anand Sukumar",
      "CompletedActivitesGUID": "77d98d63-7d66-e911-a987-000d3a328e4e",
      "Attendees": "Edward Anderson,Ivan Petrov,John Allen,Thanakorn Aranchaiya",
      "AttendeesGUID": "a643f918-85bd-e911-a981-000d3a328ed9,,64906c11-85bd-e911-a984-000d3a328903,3d60d223-85bd-e911-a984-000d3a328903",
      "AttendeesEmail": "edanderson@chubb.com,ivan.petrov@gmail.com,JohnJ.Allen@Chubb.com,tingting7342@gmail.com"
    },
    {
      "RelatedTo": "1-800 Flowers",
      "RelatedToGUID": "123-123-446",
      "ClientID": "123",
      "Subject": "Activit123",
      "Topics": "Test12",
      "Name": "Anand Sukumar",
      "LastModified": "2019-04-24T06:41:21-04:00",
      "DueDate": "2019-04-25T08:00:00-04:00",
      "Date": "2019-04-25T08:00:00-04:00",
      "Task": "Task",
      "AssignedTo": "Anand Sukumar",
      "CompletedActivitesGUID": "efae2776-7d66-e911-a987-000d3a328e4e"
    },
    {
      "RelatedTo": "Producer",
      "ProducerRegion": "Canada",
      "ProducerBranch": "Vancouver",
      "Subject": "Appoitment",
      "Topics": "",
      "Name": "Anand Sukumar",
      "LastModified": "2019-04-24T06:53:41-04:00",
      "DueDate": "2019-04-24T07:30:00-04:00",
      "Date": "2019-04-24T07:30:00-04:00",
      "Task": "Appointment",
      "AssignedTo": "Anand Sukumar",
      "CompletedActivitesGUID": "04316735-7f66-e911-a987-000d3a328e4e"
    },
    {
      "RelatedTo": " DANIEL & HENRY CO THE",
      "RelatedToGUID": "123-123-446",
      "ProducerRegion": "Canada",
      "ProducerBranch": "Vancouver",
      "Subject": "Activit1",
      "Topics": "Test",
      "Name": "Anand Sukumar",
      "LastModified": "2019-04-24T06:41:23-04:00",
      "DueDate": "2019-04-24T08:00:00-04:00",
      "Date": "2019-04-24T08:00:00-04:00",
      "Task": "Appointment",
      "AssignedTo": "Anand Sukumar",
      "CompletedActivitesGUID": "77d98d63-7d66-e911-a987-000d3a328e4e",
      "Attendees": "Edward Anderson,Ivan Petrov,John Allen,Thanakorn Aranchaiya",
      "AttendeesGUID": "a643f918-85bd-e911-a981-000d3a328ed9,,64906c11-85bd-e911-a984-000d3a328903,3d60d223-85bd-e911-a984-000d3a328903",
      "AttendeesEmail": "edanderson@chubb.com,ivan.petrov@gmail.com,JohnJ.Allen@Chubb.com,tingting7342@gmail.com"
    },
    {
      "RelatedTo": "1-800 Flowers",
      "RelatedToGUID": "123-123-446",
      "ClientID": "123",
      "Subject": "Activit123",
      "Topics": "Test12",
      "Name": "Anand Sukumar",
      "LastModified": "2019-04-24T06:41:21-04:00",
      "DueDate": "2019-04-25T08:00:00-04:00",
      "Date": "2019-04-25T08:00:00-04:00",
      "Task": "Task",
      "AssignedTo": "Anand Sukumar",
      "CompletedActivitesGUID": "efae2776-7d66-e911-a987-000d3a328e4e"
    },
    {
      "RelatedTo": "Producer",
      "ProducerRegion": "Canada",
      "ProducerBranch": "Vancouver",
      "Subject": "Appoitment",
      "Topics": "",
      "Name": "Anand Sukumar",
      "LastModified": "2019-04-24T06:53:41-04:00",
      "DueDate": "2019-04-24T07:30:00-04:00",
      "Date": "2019-04-24T07:30:00-04:00",
      "Task": "Appointment",
      "AssignedTo": "Anand Sukumar",
      "CompletedActivitesGUID": "04316735-7f66-e911-a987-000d3a328e4e"
    }
  ]
}
