{
  "data": [
    {
      "Title": "Some note title",
      "Description": "Lorem ipsum dolor sit amet, consectetur adipiscing elit. Suspendisse sit amet ipsum orci. Mauris posuere nunc quis purus consequat, a interdum turpis faucibus. Ut placerat fermentum odio ac fermentum. Curabitur id convallis nibh. Sed nec condimentum dolor. Lorem ipsum dolor sit amet, consectetur adipiscing elit. Mauris ornare convallis metus et sagittis. Ut nunc nisi, posuere in pretium sit amet, tristique vitae tortor. Nullam velit nunc, tincidunt quis iaculis sit amet, cursus pulvinar tortor. Vivamus lorem nisi, scelerisque non placerat id, mattis ac mauris. Aliquam erat volutpat. Sed lacinia urna ex, eget iaculis lacus dignissim vitae. Maecenas convallis nulla nunc, a bibendum justo vestibulum eu. Nunc eu dui id elit auctor faucibus ut quis risus.",
      "CreatedOn": "2019-05-29T15:52:06.839Z",
      "ModifiedOn": "2019-05-29T15:52:06.839Z",
      "FirstName": "John",
      "LastName": "Smith",
      "NotesGUID": "123123123"
    },
    {
      "Title": "Some other note title",
      "Description": "Lorem ipsum dolor sit amet, consectetur adipiscing elit. Suspendisse sit amet ipsum orci. Mauris posuere nunc quis purus consequat, a interdum turpis faucibus. Ut placerat fermentum odio ac fermentum. Curabitur id convallis nibh. Sed nec condimentum dolor. Lorem ipsum dolor sit amet, consectetur adipiscing elit. Mauris ornare convallis metus et sagittis. Ut nunc nisi, posuere in pretium sit amet, tristique vitae tortor. Nullam velit nunc, tincidunt quis iaculis sit amet, cursus pulvinar tortor. Vivamus lorem nisi, scelerisque non placerat id, mattis ac mauris. Aliquam erat volutpat. Sed lacinia urna ex, eget iaculis lacus dignissim vitae. Maecenas convallis nulla nunc, a bibendum justo vestibulum eu. Nunc eu dui id elit auctor faucibus ut quis risus.",
      "CreatedOn": "2019-05-29T15:52:06.839Z",
      "ModifiedOn": "2019-05-29T15:52:06.839Z",
      "FirstName": "John",
      "LastName": "Smith",
      "NotesGUID": "123123123"
    },
    {
      "Title": "One more note",
      "Description": "Lorem ipsum dolor sit amet, consectetur adipiscing elit. Suspendisse sit amet ipsum orci. Mauris posuere nunc quis purus consequat, a interdum turpis faucibus. Ut placerat fermentum odio ac fermentum. Curabitur id convallis nibh. Sed nec condimentum dolor. Lorem ipsum dolor sit amet, consectetur adipiscing elit. Mauris ornare convallis metus et sagittis. Ut nunc nisi, posuere in pretium sit amet, tristique vitae tortor. Nullam velit nunc, tincidunt quis iaculis sit amet, cursus pulvinar tortor. Vivamus lorem nisi, scelerisque non placerat id, mattis ac mauris. Aliquam erat volutpat. Sed lacinia urna ex, eget iaculis lacus dignissim vitae. Maecenas convallis nulla nunc, a bibendum justo vestibulum eu. Nunc eu dui id elit auctor faucibus ut quis risus.",
      "CreatedOn": "2019-05-29T15:52:06.839Z",
      "ModifiedOn": "2019-05-29T15:52:06.839Z",
      "FirstName": "John",
      "LastName": "Smith",
      "NotesGUID": "123123123"
    },
    {
      "Title": "Some note title",
      "Description": "Lorem ipsum dolor sit amet, consectetur adipiscing elit. Suspendisse sit amet ipsum orci. Mauris posuere nunc quis purus consequat, a interdum turpis faucibus. Ut placerat fermentum odio ac fermentum. Curabitur id convallis nibh. Sed nec condimentum dolor. Lorem ipsum dolor sit amet, consectetur adipiscing elit. Mauris ornare convallis metus et sagittis. Ut nunc nisi, posuere in pretium sit amet, tristique vitae tortor. Nullam velit nunc, tincidunt quis iaculis sit amet, cursus pulvinar tortor. Vivamus lorem nisi, scelerisque non placerat id, mattis ac mauris. Aliquam erat volutpat. Sed lacinia urna ex, eget iaculis lacus dignissim vitae. Maecenas convallis nulla nunc, a bibendum justo vestibulum eu. Nunc eu dui id elit auctor faucibus ut quis risus.",
      "CreatedOn": "2019-05-29T15:52:06.839Z",
      "ModifiedOn": "2019-05-29T15:52:06.839Z",
      "FirstName": "John",
      "LastName": "Smith",
      "NotesGUID": "123123123"
    },
    {
      "Title": "Some note title",
      "Description": "Lorem ipsum dolor sit amet, consectetur adipiscing elit. Suspendisse sit amet ipsum orci. Mauris posuere nunc quis purus consequat, a interdum turpis faucibus. Ut placerat fermentum odio ac fermentum. Curabitur id convallis nibh. Sed nec condimentum dolor. Lorem ipsum dolor sit amet, consectetur adipiscing elit. Mauris ornare convallis metus et sagittis. Ut nunc nisi, posuere in pretium sit amet, tristique vitae tortor. Nullam velit nunc, tincidunt quis iaculis sit amet, cursus pulvinar tortor. Vivamus lorem nisi, scelerisque non placerat id, mattis ac mauris. Aliquam erat volutpat. Sed lacinia urna ex, eget iaculis lacus dignissim vitae. Maecenas convallis nulla nunc, a bibendum justo vestibulum eu. Nunc eu dui id elit auctor faucibus ut quis risus.",
      "CreatedOn": "2019-05-29T15:52:06.839Z",
      "ModifiedOn": "2019-05-29T15:52:06.839Z",
      "FirstName": "John",
      "LastName": "Smith",
      "NotesGUID": "123123123"
    },
    {
      "Title": "Some note title",
      "Description": "Lorem ipsum dolor sit amet, consectetur adipiscing elit. Suspendisse sit amet ipsum orci. Mauris posuere nunc quis purus consequat, a interdum turpis faucibus. Ut placerat fermentum odio ac fermentum. Curabitur id convallis nibh. Sed nec condimentum dolor. Lorem ipsum dolor sit amet, consectetur adipiscing elit. Mauris ornare convallis metus et sagittis. Ut nunc nisi, posuere in pretium sit amet, tristique vitae tortor. Nullam velit nunc, tincidunt quis iaculis sit amet, cursus pulvinar tortor. Vivamus lorem nisi, scelerisque non placerat id, mattis ac mauris. Aliquam erat volutpat. Sed lacinia urna ex, eget iaculis lacus dignissim vitae. Maecenas convallis nulla nunc, a bibendum justo vestibulum eu. Nunc eu dui id elit auctor faucibus ut quis risus.",
      "CreatedOn": "2019-05-29T15:52:06.839Z",
      "ModifiedOn": "2019-05-29T15:52:06.839Z",
      "FirstName": "John",
      "LastName": "Smith",
      "NotesGUID": "123123123"
    },
    {
      "Title": "Some note title",
      "Description": "Lorem ipsum dolor sit amet, consectetur adipiscing elit. Suspendisse sit amet ipsum orci. Mauris posuere nunc quis purus consequat, a interdum turpis faucibus. Ut placerat fermentum odio ac fermentum. Curabitur id convallis nibh. Sed nec condimentum dolor. Lorem ipsum dolor sit amet, consectetur adipiscing elit. Mauris ornare convallis metus et sagittis. Ut nunc nisi, posuere in pretium sit amet, tristique vitae tortor. Nullam velit nunc, tincidunt quis iaculis sit amet, cursus pulvinar tortor. Vivamus lorem nisi, scelerisque non placerat id, mattis ac mauris. Aliquam erat volutpat. Sed lacinia urna ex, eget iaculis lacus dignissim vitae. Maecenas convallis nulla nunc, a bibendum justo vestibulum eu. Nunc eu dui id elit auctor faucibus ut quis risus.",
      "CreatedOn": "2019-05-29T15:52:06.839Z",
      "ModifiedOn": "2019-05-29T15:52:06.839Z",
      "FirstName": "John",
      "LastName": "Smith",
      "NotesGUID": "123123123"
    },
    {
      "Title": "Some note title",
      "Description": "Lorem ipsum dolor sit amet, consectetur adipiscing elit. Suspendisse sit amet ipsum orci. Mauris posuere nunc quis purus consequat, a interdum turpis faucibus. Ut placerat fermentum odio ac fermentum. Curabitur id convallis nibh. Sed nec condimentum dolor. Lorem ipsum dolor sit amet, consectetur adipiscing elit. Mauris ornare convallis metus et sagittis. Ut nunc nisi, posuere in pretium sit amet, tristique vitae tortor. Nullam velit nunc, tincidunt quis iaculis sit amet, cursus pulvinar tortor. Vivamus lorem nisi, scelerisque non placerat id, mattis ac mauris. Aliquam erat volutpat. Sed lacinia urna ex, eget iaculis lacus dignissim vitae. Maecenas convallis nulla nunc, a bibendum justo vestibulum eu. Nunc eu dui id elit auctor faucibus ut quis risus.",
      "CreatedOn": "2019-05-29T15:52:06.839Z",
      "ModifiedOn": "2019-05-29T15:52:06.839Z",
      "FirstName": "John",
      "LastName": "Smith",
      "NotesGUID": "123123123"
    },
    {
      "Title": "Some note title",
      "Description": "Lorem ipsum dolor sit amet, consectetur adipiscing elit. Suspendisse sit amet ipsum orci. Mauris posuere nunc quis purus consequat, a interdum turpis faucibus. Ut placerat fermentum odio ac fermentum. Curabitur id convallis nibh. Sed nec condimentum dolor. Lorem ipsum dolor sit amet, consectetur adipiscing elit. Mauris ornare convallis metus et sagittis. Ut nunc nisi, posuere in pretium sit amet, tristique vitae tortor. Nullam velit nunc, tincidunt quis iaculis sit amet, cursus pulvinar tortor. Vivamus lorem nisi, scelerisque non placerat id, mattis ac mauris. Aliquam erat volutpat. Sed lacinia urna ex, eget iaculis lacus dignissim vitae. Maecenas convallis nulla nunc, a bibendum justo vestibulum eu. Nunc eu dui id elit auctor faucibus ut quis risus.",
      "CreatedOn": "2019-05-29T15:52:06.839Z",
      "ModifiedOn": "2019-05-29T15:52:06.839Z",
      "FirstName": "John",
      "LastName": "Smith",
      "NotesGUID": "123123123"
    },
    {
      "Title": "Some note title",
      "Description": "Lorem ipsum dolor sit amet, consectetur adipiscing elit. Suspendisse sit amet ipsum orci. Mauris posuere nunc quis purus consequat, a interdum turpis faucibus. Ut placerat fermentum odio ac fermentum. Curabitur id convallis nibh. Sed nec condimentum dolor. Lorem ipsum dolor sit amet, consectetur adipiscing elit. Mauris ornare convallis metus et sagittis. Ut nunc nisi, posuere in pretium sit amet, tristique vitae tortor. Nullam velit nunc, tincidunt quis iaculis sit amet, cursus pulvinar tortor. Vivamus lorem nisi, scelerisque non placerat id, mattis ac mauris. Aliquam erat volutpat. Sed lacinia urna ex, eget iaculis lacus dignissim vitae. Maecenas convallis nulla nunc, a bibendum justo vestibulum eu. Nunc eu dui id elit auctor faucibus ut quis risus.",
      "CreatedOn": "2019-05-29T15:52:06.839Z",
      "ModifiedOn": "2019-05-29T15:52:06.839Z",
      "FirstName": "John",
      "LastName": "Smith",
      "NotesGUID": "123123123"
    },
    {
      "Title": "Some note title",
      "Description": "Lorem ipsum dolor sit amet, consectetur adipiscing elit. Suspendisse sit amet ipsum orci. Mauris posuere nunc quis purus consequat, a interdum turpis faucibus. Ut placerat fermentum odio ac fermentum. Curabitur id convallis nibh. Sed nec condimentum dolor. Lorem ipsum dolor sit amet, consectetur adipiscing elit. Mauris ornare convallis metus et sagittis. Ut nunc nisi, posuere in pretium sit amet, tristique vitae tortor. Nullam velit nunc, tincidunt quis iaculis sit amet, cursus pulvinar tortor. Vivamus lorem nisi, scelerisque non placerat id, mattis ac mauris. Aliquam erat volutpat. Sed lacinia urna ex, eget iaculis lacus dignissim vitae. Maecenas convallis nulla nunc, a bibendum justo vestibulum eu. Nunc eu dui id elit auctor faucibus ut quis risus.",
      "CreatedOn": "2019-05-29T15:52:06.839Z",
      "ModifiedOn": "2019-05-29T15:52:06.839Z",
      "FirstName": "John",
      "LastName": "Smith",
      "NotesGUID": "123123123"
    },
    {
      "Title": "Some note title",
      "Description": "Lorem ipsum dolor sit amet, consectetur adipiscing elit. Suspendisse sit amet ipsum orci. Mauris posuere nunc quis purus consequat, a interdum turpis faucibus. Ut placerat fermentum odio ac fermentum. Curabitur id convallis nibh. Sed nec condimentum dolor. Lorem ipsum dolor sit amet, consectetur adipiscing elit. Mauris ornare convallis metus et sagittis. Ut nunc nisi, posuere in pretium sit amet, tristique vitae tortor. Nullam velit nunc, tincidunt quis iaculis sit amet, cursus pulvinar tortor. Vivamus lorem nisi, scelerisque non placerat id, mattis ac mauris. Aliquam erat volutpat. Sed lacinia urna ex, eget iaculis lacus dignissim vitae. Maecenas convallis nulla nunc, a bibendum justo vestibulum eu. Nunc eu dui id elit auctor faucibus ut quis risus.",
      "CreatedOn": "2019-05-29T15:52:06.839Z",
      "ModifiedOn": "2019-05-29T15:52:06.839Z",
      "FirstName": "John",
      "LastName": "Smith",
      "NotesGUID": "123123123"
    },
    {
      "Title": "Some note title",
      "Description": "Lorem ipsum dolor sit amet, consectetur adipiscing elit. Suspendisse sit amet ipsum orci. Mauris posuere nunc quis purus consequat, a interdum turpis faucibus. Ut placerat fermentum odio ac fermentum. Curabitur id convallis nibh. Sed nec condimentum dolor. Lorem ipsum dolor sit amet, consectetur adipiscing elit. Mauris ornare convallis metus et sagittis. Ut nunc nisi, posuere in pretium sit amet, tristique vitae tortor. Nullam velit nunc, tincidunt quis iaculis sit amet, cursus pulvinar tortor. Vivamus lorem nisi, scelerisque non placerat id, mattis ac mauris. Aliquam erat volutpat. Sed lacinia urna ex, eget iaculis lacus dignissim vitae. Maecenas convallis nulla nunc, a bibendum justo vestibulum eu. Nunc eu dui id elit auctor faucibus ut quis risus.",
      "CreatedOn": "2019-05-29T15:52:06.839Z",
      "ModifiedOn": "2019-05-29T15:52:06.839Z",
      "FirstName": "John",
      "LastName": "Smith",
      "NotesGUID": "123123123"
    }
  ]
}
