{
  "data": [
    {
      "Subject": "Task Testing",
      "Description": "Testing testing ",
      "Duration": "45 min",
      "Regarding": "AON",
      "TaskGUID": "b4480195-2672-e911-a97f-000d3a32890b",
      "OwnerID": "3d68c711-d54f-e811-a97c-000d3a370ef7",
      "DueDate": "2019-09-11T00:00:00-04:00"
    },
    {
      "Subject": "Task Testing",
      "Description": "Testing testing ",
      "Duration": "45 min",
      "Regarding": "AON",
      "TaskGUID": "b4480195-2672-e911-a97f-000d3a32890b",
      "OwnerID": "3d68c711-d54f-e811-a97c-000d3a370ef7",
      "DueDate": "2019-09-12T00:00:00-04:00"
    },
    {
      "Subject": "Task Testing",
      "Description": "Testing testing ",
      "Duration": "45 min",
      "Regarding": "AON",
      "TaskGUID": "b4480195-2672-e911-a97f-000d3a32890b",
      "OwnerID": "3d68c711-d54f-e811-a97c-000d3a370ef7",
      "DueDate": "2019-10-11T00:00:00-04:00"
    },
    {
      "Subject": "Task Testing",
      "Description": "Testing testing ",
      "Duration": "45 min",
      "Regarding": "AON",
      "TaskGUID": "b4480195-2672-e911-a97f-000d3a32890b",
      "OwnerID": "3d68c711-d54f-e811-a97c-000d3a370ef7",
      "DueDate": "2019-11-12T00:00:00-04:00"
    }
  ]
}
